date,organism_name,name,extraction.endPipetteR,extraction.postPatch,rigOperator,status,roi_major,roi_minor,container,p_container
2020-01-03 10:40:30 -0800,Mouse,Gad2-IRES-Cre;Ai14-504539.10.01.01,1000.0,nucleus_present,jessicat,SUCCESS,RSPd,layer 2/3,PFS4_200103_701_A01,PFS4
2020-01-03 13:00:07 -0800,Mouse,Pvalb-IRES-Cre;Ai14-504851.11.01.02,2000.0,nucleus_present,jessicat,SUCCESS,RSPv,layer 2/3,PFS4_200103_703_A01,PFS4
2020-01-03 13:00:07 -0800,Mouse,Pvalb-IRES-Cre;Ai14-504851.11.01.01,1000.0,nucleus_present,jessicat,SUCCESS,RSPd,layer 5,PFS4_200103_702_A01,PFS4
2020-01-06 13:12:44 -0800,Mouse,Vip-IRES-Cre;Ai14-504179.11.01.02,3000.0,nucleus_present,jessicat,SUCCESS,SSp,layer 5,PFS4_200106_702_A01,PFS4
2020-01-06 13:12:44 -0800,Mouse,Vip-IRES-Cre;Ai14-504179.11.01.01,7.0,nucleus_present,jessicat,SUCCESS,RSPd,layer 5,PFS4_200106_701_A01,PFS4
2020-01-06 13:29:58 -0800,Mouse,Vip-IRES-Cre;Ai14-504179.09.02.01,5000.0,nucleus_present,katherineb,SUCCESS,SSp,layer 5,PES4_200106_651_A01,PES4
2020-01-06 14:37:16 -0800,Mouse,Vip-IRES-Cre;Ai14-504181.11.02.01,2000.0,nucleus_present,lindsayn,SUCCESS,SSp,layer 5,P8S4_200106_351_A01,P8S4
2020-01-06 14:37:16 -0800,Mouse,Vip-IRES-Cre;Ai14-504181.11.02.02,2000.0,nucleus_present,lindsayn,SUCCESS,SSp,layer 5,P8S4_200106_352_A01,P8S4
2020-01-06 14:37:17 -0800,Mouse,Vip-IRES-Cre;Ai14-504181.08.02.01,5000.0,nucleus_present,katherineb,SUCCESS,SSp,layer 5,PES4_200106_652_A01,PES4
2020-01-06 15:54:23 -0800,Mouse,Vip-IRES-Cre;Ai14-504181.07.02.01,1500.0,nucleus_present,katherineb,SUCCESS,RSPd,layer 5,PES4_200106_653_A01,PES4
2020-01-06 15:59:07 -0800,Mouse,Vip-IRES-Cre;Ai14-504181.12.02.01,5.0,nucleus_present,jessicat,SUCCESS,RSPd,layer 5,PFS4_200106_703_A01,PFS4
2020-01-06 16:45:44 -0800,Mouse,Vip-IRES-Cre;Ai14-504181.09.02.01,600.0,nucleus_present,lindsayn,SUCCESS,SSp,layer 5,P8S4_200106_353_A01,P8S4
2020-01-07 09:31:33 -0800,Mouse,Gad2-IRES-Cre;Ai14-504549.09.06.01,2000.0,nucleus_present,lindsayn,SUCCESS,MOs,layer 5,P8S4_200107_351_A01,P8S4
2020-01-07 09:34:14 -0800,Mouse,Gad2-IRES-Cre;Ai14-504549.05.06.02,3000.0,nucleus_present,katherineb,SUCCESS,MOp,layer 5,PES4_200107_652_A01,PES4
2020-01-07 09:34:14 -0800,Mouse,Gad2-IRES-Cre;Ai14-504549.05.06.03,4000.0,nucleus_present,katherineb,SUCCESS,ORB,layer 5,PES4_200107_653_A01,PES4
2020-01-07 09:34:14 -0800,Mouse,Gad2-IRES-Cre;Ai14-504549.05.06.01,2000.0,nucleus_present,katherineb,SUCCESS,MOp,layer 5,PES4_200107_651_A01,PES4
2020-01-07 10:11:39 -0800,Mouse,Gad2-IRES-Cre;Ai14-504549.11.06.01,2000.0,nucleus_present,ramr,SUCCESS,MOp,layer 2/3,PAS4_200107_451_A01,PAS4
2020-01-07 11:07:13 -0800,Mouse,Gad2-IRES-Cre;Ai14-504549.12.06.01,2000.0,nucleus_present,lindsayn,SUCCESS,MOs,layer 5,P8S4_200107_352_A01,P8S4
2020-01-07 13:00:16 -0800,Mouse,Slc32a1-IRES-Cre;Ai14-504558.10.02.01,20.0,nucleus_present,lindsayn,SUCCESS,SSp,layer 5,P8S4_200107_353_A01,P8S4
2020-01-07 13:00:16 -0800,Mouse,Slc32a1-IRES-Cre;Ai14-504558.10.02.04,100.0,nucleus_present,lindsayn,SUCCESS,RSPv,layer 5,P8S4_200107_356_A01,P8S4
2020-01-07 13:00:16 -0800,Mouse,Slc32a1-IRES-Cre;Ai14-504558.10.02.03,2000.0,nucleus_present,lindsayn,SUCCESS,SSp,layer 5,P8S4_200107_355_A01,P8S4
2020-01-07 13:00:16 -0800,Mouse,Slc32a1-IRES-Cre;Ai14-504558.10.02.02,2000.0,nucleus_present,lindsayn,SUCCESS,SSp,layer 5,P8S4_200107_354_A01,P8S4
2020-01-07 13:01:56 -0800,Mouse,Slc32a1-IRES-Cre;Ai14-504558.10.01.01,20.0,nucleus_present,jessicat,SUCCESS,RSPd,layer 5,PFS4_200107_701_A01,PFS4
2020-01-07 13:01:56 -0800,Mouse,Slc32a1-IRES-Cre;Ai14-504558.10.01.02,400.0,nucleus_present,jessicat,SUCCESS,RSPd,layer 5,PFS4_200107_702_A01,PFS4
2020-01-07 13:05:06 -0800,Mouse,Slc32a1-IRES-Cre;Ai14-504558.07.02.01,3000.0,nucleus_present,katherineb,SUCCESS,SSp,layer 4,PES4_200107_654_A01,PES4
2020-01-07 14:23:55 -0800,Mouse,Slc32a1-IRES-Cre;Ai14-504558.11.01.01,1000.0,nucleus_present,jessicat,SUCCESS,SSp,layer 5,PFS4_200107_703_A01,PFS4
2020-01-07 14:23:55 -0800,Mouse,Slc32a1-IRES-Cre;Ai14-504558.11.01.02,2000.0,nucleus_present,jessicat,SUCCESS,RSPd,layer 5,PFS4_200107_704_A01,PFS4
2020-01-07 15:13:25 -0800,Macaca nemestrina,Q20.26.001.11.03.03,1000.0,nucleus_present,lindsayn,SUCCESS,,,PQS4_200107_359_A01,PQS4
2020-01-07 15:13:25 -0800,Macaca nemestrina,Q20.26.001.11.03.01,1000.0,nucleus_present,lindsayn,SUCCESS,,,PQS4_200107_357_A01,PQS4
2020-01-07 15:13:25 -0800,Macaca nemestrina,Q20.26.001.11.03.02,20.0,nucleus_absent,lindsayn,SUCCESS,,,PQS4_200107_358_A01,PQS4
2020-01-07 15:19:20 -0800,Mouse,Vip-IRES-Cre;Ai14-504182.08.01.01,2000.0,nucleus_present,ramr,SUCCESS,RSPd,layer 5,PAS4_200107_452_A01,PAS4
2020-01-07 15:33:41 -0800,Mouse,Vip-IRES-Cre;Ai14-504182.11.01.01,3000.0,nucleus_present,katherineb,SUCCESS,MOs,layer 2/3,PES4_200107_655_A01,PES4
2020-01-07 15:33:41 -0800,Mouse,Vip-IRES-Cre;Ai14-504182.11.01.02,3000.0,nucleus_present,katherineb,SUCCESS,SSp,layer 2/3,PES4_200107_656_A01,PES4
2020-01-07 16:50:45 -0800,Mouse,Vip-IRES-Cre;Ai14-504182.09.02.01,2000.0,nucleus_present,katherineb,SUCCESS,RSPd,layer 2/3,PES4_200107_657_A01,PES4
2020-01-07 16:50:45 -0800,Mouse,Vip-IRES-Cre;Ai14-504182.09.02.02,800.0,nucleus_present,katherineb,SUCCESS,SSp,layer 2/3,PES4_200107_658_A01,PES4
2020-01-09 09:20:23 -0800,Mouse,Gad2-IRES-Cre;Ai14-504550.09.06.01,1000.0,nucleus_present,jessicat,SUCCESS,CTXsp,CLA,PFS4_200109_701_A01,PFS4
2020-01-09 10:21:20 -0800,Mouse,Gad2-IRES-Cre;Ai14-504550.07.06.02,1500.0,nucleus_present,lindsayn,SUCCESS,MOs,layer 5,P8S4_200109_352_A01,P8S4
2020-01-09 10:21:20 -0800,Mouse,Gad2-IRES-Cre;Ai14-504550.07.06.01,2000.0,nucleus_present,lindsayn,SUCCESS,MOs,layer 5,P8S4_200109_351_A01,P8S4
2020-01-09 12:35:45 -0800,Mouse,Slc32a1-IRES-Cre;Ai14-504559.09.01.01,2000.0,nucleus_present,jessicat,SUCCESS,RSPd,layer 5,PFS4_200109_702_A01,PFS4
2020-01-09 13:07:08 -0800,Mouse,Slc32a1-IRES-Cre;Ai14-504559.10.01.02,2000.0,nucleus_present,lindsayn,SUCCESS,RSPv,layer 5,P8S4_200109_354_A01,P8S4
2020-01-09 13:07:08 -0800,Mouse,Slc32a1-IRES-Cre;Ai14-504559.10.01.01,700.0,nucleus_present,lindsayn,SUCCESS,RSPd,layer 5,P8S4_200109_353_A01,P8S4
2020-01-09 13:27:34 -0800,Mouse,Slc32a1-IRES-Cre;Ai14-504559.09.02.01,1100.0,nucleus_present,katherineb,SUCCESS,MOs,layer 5,PES4_200109_651_A01,PES4
2020-01-09 13:56:12 -0800,Mouse,Slc32a1-IRES-Cre;Ai14-504559.11.01.02,5.0,nucleus_present,kristenh,SUCCESS,RSPd,layer 5,P1S4_200109_002_A01,P1S4
2020-01-09 13:56:12 -0800,Mouse,Slc32a1-IRES-Cre;Ai14-504559.11.01.01,4.0,nucleus_present,kristenh,SUCCESS,RSPv,layer 5,P1S4_200109_001_A01,P1S4
2020-01-09 14:17:29 -0800,Mouse,Gad2-IRES-Cre;Ai14-504550.04.06.01,1200.0,nucleus_present,katherineb,SUCCESS,MOp,layer 2/3,PES4_200109_652_A01,PES4
2020-01-09 14:50:24 -0800,Mouse,Sncg-IRES2-FlpO-neo;Ai65F-505711.11.01.02,1500.0,nucleus_present,lindsayn,SUCCESS,RSPd,layer 5,P8S4_200109_356_A01,P8S4
2020-01-09 14:50:24 -0800,Mouse,Sncg-IRES2-FlpO-neo;Ai65F-505711.11.01.01,2000.0,nucleus_present,lindsayn,SUCCESS,RSPv,layer 5,P8S4_200109_355_A01,P8S4
2020-01-09 15:14:06 -0800,Mouse,Sncg-IRES2-FlpO-neo;Ai65F-505711.08.02.01,3000.0,nucleus_present,katherineb,SUCCESS,SSp,layer 5,PES4_200109_653_A01,PES4
2020-01-10 09:56:21 -0800,Mouse,Gad2-IRES-Cre;Ai14-504551.07.06.02,100.0,nucleus_present,kristenh,SUCCESS,CTXsp,CLA,P1S4_200110_002_A01,P1S4
2020-01-10 09:56:21 -0800,Mouse,Gad2-IRES-Cre;Ai14-504551.07.06.01,5000.0,nucleus_present,kristenh,SUCCESS,ORB,layer 5,P1S4_200110_001_A01,P1S4
2020-01-10 09:56:21 -0800,Mouse,Gad2-IRES-Cre;Ai14-504551.07.06.03,80.0,nucleus_present,kristenh,SUCCESS,MOp,layer 5,P1S4_200110_003_A01,P1S4
2020-01-10 10:20:53 -0800,Mouse,Gad2-IRES-Cre;Ai14-504551.06.06.01,500.0,nucleus_present,katherineb,SUCCESS,ORB,layer 2/3,PES4_200110_651_A01,PES4
2020-01-10 10:20:53 -0800,Mouse,Gad2-IRES-Cre;Ai14-504551.06.06.02,3000.0,nucleus_present,katherineb,SUCCESS,MOp,layer 2/3,PES4_200110_652_A01,PES4
2020-01-10 10:32:24 -0800,Mouse,Gad2-IRES-Cre;Ai14-504551.10.06.02,2000.0,nucleus_present,lindsayn,SUCCESS,MOs,layer 6a,P8S4_200110_352_A01,P8S4
2020-01-10 10:32:24 -0800,Mouse,Gad2-IRES-Cre;Ai14-504551.10.06.03,50.0,nucleus_present,lindsayn,SUCCESS,MOs,layer 5,P8S4_200110_353_A01,P8S4
2020-01-10 10:32:24 -0800,Mouse,Gad2-IRES-Cre;Ai14-504551.10.06.01,2000.0,nucleus_present,lindsayn,SUCCESS,MOs,layer 5,P8S4_200110_351_A01,P8S4
2020-01-10 11:42:23 -0800,Mouse,Gad2-IRES-Cre;Ai14-504551.09.06.01,2000.0,nucleus_present,katherineb,SUCCESS,MOp,layer 2/3,PES4_200110_653_A01,PES4
2020-01-10 12:56:32 -0800,Mouse,Slc32a1-IRES-Cre;Ai14-504560.11.01.04,2000.0,nucleus_present,kristenh,SUCCESS,SSp,layer 2/3,P1S4_200110_004_A01,P1S4
2020-01-10 13:10:44 -0800,Mouse,Slc32a1-IRES-Cre;Ai14-504560.09.02.01,1200.0,nucleus_present,katherineb,SUCCESS,RSPd,layer 2/3,PES4_200110_654_A01,PES4
2020-01-10 13:15:48 -0800,Mouse,Slc32a1-IRES-Cre;Ai14-504560.08.02.01,500.0,nucleus_present,ramr,SUCCESS,MOp,layer 5,PAS4_200110_451_A01,PAS4
2020-01-10 13:15:48 -0800,Mouse,Slc32a1-IRES-Cre;Ai14-504560.08.02.04,2.5,nucleus_present,ramr,SUCCESS,SSp,layer 5,PAS4_200110_454_A01,PAS4
2020-01-10 13:15:48 -0800,Mouse,Slc32a1-IRES-Cre;Ai14-504560.08.02.03,2000.0,nucleus_present,ramr,SUCCESS,SSp,layer 2/3,PAS4_200110_453_A01,PAS4
2020-01-10 13:15:48 -0800,Mouse,Slc32a1-IRES-Cre;Ai14-504560.08.02.02,6.0,nucleus_present,ramr,SUCCESS,RSPd,layer 5,PAS4_200110_452_A01,PAS4
2020-01-10 13:18:30 -0800,Mouse,Slc32a1-IRES-Cre;Ai14-504560.10.01.01,500.0,nucleus_present,jessicat,SUCCESS,RSPd,layer 5,PFS4_200110_701_A01,PFS4
2020-01-10 13:18:30 -0800,Mouse,Slc32a1-IRES-Cre;Ai14-504560.10.01.03,1000.0,nucleus_present,jessicat,SUCCESS,SSp,layer 5,PFS4_200110_703_A01,PFS4
2020-01-10 13:18:30 -0800,Mouse,Slc32a1-IRES-Cre;Ai14-504560.10.01.02,1500.0,nucleus_present,jessicat,SUCCESS,SSp,layer 5,PFS4_200110_702_A01,PFS4
2020-01-10 13:19:47 -0800,Mouse,Slc32a1-IRES-Cre;Ai14-504560.10.02.01,2000.0,nucleus_present,lindsayn,SUCCESS,SSp,layer 5,P8S4_200110_354_A01,P8S4
2020-01-10 14:21:51 -0800,Mouse,Slc32a1-IRES-Cre;Ai14-504560.12.02.01,1500.0,nucleus_present,katherineb,SUCCESS,MOs,layer 5,PES4_200110_655_A01,PES4
2020-01-10 15:02:12 -0800,Mouse,Sncg-IRES2-FlpO-neo;Ai65F-505713.10.02.03,2000.0,nucleus_present,lindsayn,SUCCESS,RSPd,layer 2/3,P8S4_200110_357_A01,P8S4
2020-01-10 15:02:12 -0800,Mouse,Sncg-IRES2-FlpO-neo;Ai65F-505713.10.02.02,2000.0,nucleus_present,lindsayn,SUCCESS,RSPv,layer 5,P8S4_200110_356_A01,P8S4
2020-01-10 15:02:12 -0800,Mouse,Sncg-IRES2-FlpO-neo;Ai65F-505713.10.02.01,2000.0,nucleus_present,lindsayn,SUCCESS,RSPv,layer 5,P8S4_200110_355_A01,P8S4
2020-01-10 15:29:02 -0800,Mouse,Sncg-IRES2-FlpO-neo;Ai65F-505713.08.01.01,2900.0,nucleus_present,ramr,SUCCESS,RSPv,layer 2/3,PAS4_200110_455_A01,PAS4
2020-01-10 15:29:02 -0800,Mouse,Sncg-IRES2-FlpO-neo;Ai65F-505713.08.01.02,2300.0,nucleus_present,ramr,SUCCESS,RSPv,layer 2/3,PAS4_200110_456_A01,PAS4
2020-01-13 09:50:49 -0800,Mouse,Rbp4-Cre_KL100;Ai14-506065.09.06.01,1500.0,nucleus_present,jessicat,SUCCESS,CTXsp,CLA,PFS4_200113_701_A01,PFS4
2020-01-13 09:50:49 -0800,Mouse,Rbp4-Cre_KL100;Ai14-506065.09.06.02,1500.0,nucleus_present,jessicat,SUCCESS,MOp,layer 5,PFS4_200113_702_A01,PFS4
2020-01-13 09:52:43 -0800,Mouse,Rbp4-Cre_KL100;Ai14-506065.08.06.01,1000.0,nucleus_present,lindsayn,SUCCESS,MOs,layer 5,P8S4_200113_351_A01,P8S4
2020-01-13 09:52:43 -0800,Mouse,Rbp4-Cre_KL100;Ai14-506065.08.06.02,2000.0,nucleus_present,lindsayn,SUCCESS,MOs,layer 5,P8S4_200113_352_A01,P8S4
2020-01-13 10:11:45 -0800,Mouse,Rbp4-Cre_KL100;Ai14-506065.07.06.01,5000.0,nucleus_present,katherineb,SUCCESS,MOp,layer 5,PES4_200113_651_A01,PES4
2020-01-13 11:14:15 -0800,Mouse,Rbp4-Cre_KL100;Ai14-506065.10.06.01,6.1,nucleus_present,ramr,SUCCESS,ORB,layer 5,PAS4_200113_451_A01,PAS4
2020-01-13 11:14:15 -0800,Mouse,Rbp4-Cre_KL100;Ai14-506065.10.06.02,8.7,nucleus_present,ramr,SUCCESS,ORB,layer 5,PAS4_200113_452_A01,PAS4
2020-01-13 11:15:01 -0800,Mouse,Rbp4-Cre_KL100;Ai14-506065.06.06.01,50.0,nucleus_present,lindsayn,SUCCESS,MOs,layer 5,P8S4_200113_353_A01,P8S4
2020-01-13 11:45:31 -0800,Mouse,Rbp4-Cre_KL100;Ai14-506065.05.06.01,3000.0,nucleus_present,katherineb,SUCCESS,MOp,layer 2/3,PES4_200113_652_A01,PES4
2020-01-13 11:45:31 -0800,Mouse,Rbp4-Cre_KL100;Ai14-506065.05.06.02,2000.0,nucleus_present,katherineb,SUCCESS,ORB,layer 2/3,PES4_200113_653_A01,PES4
2020-01-13 13:01:30 -0800,Mouse,Esr2-IRES2-Cre;Ai14-506383.06.01.01,2200.0,nucleus_present,jessicat,SUCCESS,RSPd,layer 5,PFS4_200113_703_A01,PFS4
2020-01-13 13:04:25 -0800,Mouse,Esr2-IRES2-Cre;Ai14-506383.04.02.02,2000.0,nucleus_present,lindsayn,SUCCESS,RSPv,layer 5,P8S4_200113_355_A01,P8S4
2020-01-13 13:04:25 -0800,Mouse,Esr2-IRES2-Cre;Ai14-506383.04.02.03,2000.0,nucleus_present,lindsayn,SUCCESS,RSPd,layer 5,P8S4_200113_356_A01,P8S4
2020-01-13 13:04:25 -0800,Mouse,Esr2-IRES2-Cre;Ai14-506383.04.02.01,2000.0,nucleus_present,lindsayn,SUCCESS,RSPv,layer 5,P8S4_200113_354_A01,P8S4
2020-01-13 13:55:11 -0800,Mouse,Esr2-IRES2-Cre;Ai14-506383.05.01.01,1400.0,nucleus_present,jessicat,SUCCESS,RSPd,layer 5,PFS4_200113_704_A01,PFS4
2020-01-13 14:20:50 -0800,Mouse,Esr2-IRES2-Cre;Ai14-506383.04.01.01,1100.0,nucleus_present,katherineb,SUCCESS,RSPd,layer 5,PES4_200113_654_A01,PES4
2020-01-13 14:20:50 -0800,Mouse,Esr2-IRES2-Cre;Ai14-506383.04.01.02,5000.0,nucleus_present,katherineb,SUCCESS,RSPv,layer 6a,PES4_200113_655_A01,PES4
2020-01-13 14:51:48 -0800,Mouse,Penk-IRES2-Cre-neo;Slc17a6-IRES2-FlpO-505762-Ai65.09.01.01,130.0,nucleus_present,ramr,SUCCESS,SSp,layer 5,PAS4_200113_453_A01,PAS4
2020-01-13 15:49:10 -0800,Mouse,Penk-IRES2-Cre-neo;Slc17a6-IRES2-FlpO-505762-Ai65.09.02.01,1500.0,nucleus_present,katherineb,SUCCESS,SSp,layer 2/3,PES4_200113_656_A01,PES4
2020-01-13 15:52:51 -0800,Mouse,Penk-IRES2-Cre-neo;Slc17a6-IRES2-FlpO-505762-Ai65.10.02.02,2000.0,nucleus_present,lindsayn,SUCCESS,SSp,layer 2/3,P8S4_200113_358_A01,P8S4
2020-01-13 15:52:51 -0800,Mouse,Penk-IRES2-Cre-neo;Slc17a6-IRES2-FlpO-505762-Ai65.10.02.01,100.0,nucleus_present,lindsayn,SUCCESS,SSp,layer 5,P8S4_200113_357_A01,P8S4
2020-01-14 09:40:25 -0800,Mouse,Htr3a-Cre_NO152;Ai14-506092.09.06.02,4000.0,nucleus_present,ramr,SUCCESS,ORB,layer 2/3,PAS4_200114_452_A01,PAS4
2020-01-14 09:40:25 -0800,Mouse,Htr3a-Cre_NO152;Ai14-506092.09.06.01,2000.0,nucleus_present,ramr,SUCCESS,CTXsp,CLA,PAS4_200114_451_A01,PAS4
2020-01-14 09:40:25 -0800,Mouse,Htr3a-Cre_NO152;Ai14-506092.09.06.04,1500.0,nucleus_present,ramr,SUCCESS,ORB,layer 2/3,PAS4_200114_453_A01,PAS4
2020-01-14 09:51:00 -0800,Mouse,Htr3a-Cre_NO152;Ai14-506092.08.06.01,4000.0,nucleus_present,jessicat,SUCCESS,ORB,layer 5,PFS4_200114_701_A01,PFS4
2020-01-14 10:00:10 -0800,Mouse,Htr3a-Cre_NO152;Ai14-506092.07.06.01,1500.0,nucleus_present,katherineb,SUCCESS,ORB,layer 2/3,PES4_200114_651_A01,PES4
2020-01-14 10:00:10 -0800,Mouse,Htr3a-Cre_NO152;Ai14-506092.07.06.02,1500.0,nucleus_present,katherineb,SUCCESS,CTXsp,CLA,PES4_200114_652_A01,PES4
2020-01-14 12:51:53 -0800,Mouse,Esr2-IRES2-Cre;Ai14-506384.03.02.02,2000.0,nucleus_present,lindsayn,SUCCESS,VISp,layer 2/3,P8S4_200114_352_A01,P8S4
2020-01-14 12:51:53 -0800,Mouse,Esr2-IRES2-Cre;Ai14-506384.03.02.01,2000.0,nucleus_present,lindsayn,SUCCESS,VISp,layer 6a,P8S4_200114_351_A01,P8S4
2020-01-14 12:51:53 -0800,Mouse,Esr2-IRES2-Cre;Ai14-506384.03.02.03,50.0,nucleus_present,lindsayn,SUCCESS,RSPd,layer 5,P8S4_200114_353_A01,P8S4
2020-01-14 13:06:52 -0800,Mouse,Esr2-IRES2-Cre;Ai14-506384.02.01.01,4000.0,nucleus_present,katherineb,SUCCESS,VISp,layer 2/3,PES4_200114_653_A01,PES4
2020-01-14 13:35:51 -0800,Mouse,Esr2-IRES2-Cre;Ai14-506384.04.02.03,2500.0,nucleus_present,ramr,SUCCESS,RSPv,layer 5,PAS4_200114_456_A01,PAS4
2020-01-14 13:35:51 -0800,Mouse,Esr2-IRES2-Cre;Ai14-506384.04.02.02,3800.0,nucleus_present,ramr,SUCCESS,VISp,layer 5,PAS4_200114_455_A01,PAS4
2020-01-14 13:35:51 -0800,Mouse,Esr2-IRES2-Cre;Ai14-506384.04.02.01,3500.0,nucleus_present,ramr,SUCCESS,VISp,layer 5,PAS4_200114_454_A01,PAS4
2020-01-14 13:35:51 -0800,Mouse,Esr2-IRES2-Cre;Ai14-506384.04.02.04,2400.0,nucleus_present,ramr,SUCCESS,RSPd,layer 2/3,PAS4_200114_457_A01,PAS4
2020-01-14 13:42:41 -0800,Mouse,Esr2-IRES2-Cre;Ai14-506384.03.01.01,2000.0,nucleus_present,jessicat,SUCCESS,VISp,layer 6a,PFS4_200114_702_A01,PFS4
2020-01-14 14:21:12 -0800,Mouse,Esr2-IRES2-Cre;Ai14-506384.05.02.01,4000.0,nucleus_present,katherineb,SUCCESS,RSPv,layer 5,PES4_200114_654_A01,PES4
2020-01-14 15:06:26 -0800,Mouse,Penk-IRES2-Cre-neo;Slc17a6-IRES2-FlpO-505767-Ai65.03.01.01,4000.0,nucleus_present,jessicat,SUCCESS,RSPv,layer 5,PFS4_200114_703_A01,PFS4
2020-01-14 15:11:08 -0800,Mouse,Penk-IRES2-Cre-neo;Slc17a6-IRES2-FlpO-505767-Ai65.03.02.03,2000.0,nucleus_present,lindsayn,SUCCESS,RSPd,layer 5,P8S4_200114_356_A01,P8S4
2020-01-14 15:11:08 -0800,Mouse,Penk-IRES2-Cre-neo;Slc17a6-IRES2-FlpO-505767-Ai65.03.02.02,2000.0,nucleus_present,lindsayn,SUCCESS,RSPd,layer 2/3,P8S4_200114_355_A01,P8S4
2020-01-14 15:11:08 -0800,Mouse,Penk-IRES2-Cre-neo;Slc17a6-IRES2-FlpO-505767-Ai65.03.02.01,500.0,nucleus_present,lindsayn,SUCCESS,RSPd,layer 2/3,P8S4_200114_354_A01,P8S4
2020-01-14 15:18:36 -0800,Mouse,Penk-IRES2-Cre-neo;Slc17a6-IRES2-FlpO-505767-Ai65.02.02.01,3000.0,nucleus_present,katherineb,SUCCESS,SSp,layer 5,PES4_200114_655_A01,PES4
2020-01-14 16:27:24 -0800,Mouse,Penk-IRES2-Cre-neo;Slc17a6-IRES2-FlpO-505767-Ai65.01.01.01,5000.0,nucleus_present,katherineb,SUCCESS,RSPv,layer 2/3,PES4_200114_656_A01,PES4
2020-01-14 18:15:12 -0800,Human,H20.03.301.11.06.01.04,5000.0,nucleus_present,katherineb,SUCCESS,TCx,layer 4,PES4_200114_660_A01,PES4
2020-01-14 18:15:12 -0800,Human,H20.03.301.11.06.01.03,3000.0,nucleus_present,katherineb,SUCCESS,TCx,layer 4,PES4_200114_659_A01,PES4
2020-01-14 18:15:12 -0800,Human,H20.03.301.11.06.01.01,1500.0,nucleus_present,katherineb,SUCCESS,TCx,layer 2,PES4_200114_657_A01,PES4
2020-01-14 18:15:12 -0800,Human,H20.03.301.11.06.01.02,2200.0,nucleus_present,katherineb,SUCCESS,TCx,layer 1,PES4_200114_658_A01,PES4
2020-01-16 09:50:00 -0800,Mouse,Slc17a7-IRES2-Cre;Ai14-506270.08.06.03,50.0,nucleus_present,lindsayn,SUCCESS,ORB,layer 2/3,P8S4_200116_353_A01,P8S4
2020-01-16 09:50:00 -0800,Mouse,Slc17a7-IRES2-Cre;Ai14-506270.08.06.02,2000.0,nucleus_present,lindsayn,SUCCESS,CTXsp,CLA,P8S4_200116_352_A01,P8S4
2020-01-16 09:50:00 -0800,Mouse,Slc17a7-IRES2-Cre;Ai14-506270.08.06.01,1000.0,nucleus_present,lindsayn,SUCCESS,CTXsp,CLA,P8S4_200116_351_A01,P8S4
2020-01-16 09:50:28 -0800,Mouse,Slc17a7-IRES2-Cre;Ai14-506270.09.06.01,2500.0,nucleus_present,jessicat,SUCCESS,CTXsp,CLA,PFS4_200116_701_A01,PFS4
2020-01-16 09:50:28 -0800,Mouse,Slc17a7-IRES2-Cre;Ai14-506270.09.06.04,1600.0,nucleus_present,jessicat,SUCCESS,ORB,layer 2/3,PFS4_200116_702_A01,PFS4
2020-01-16 09:54:25 -0800,Mouse,Slc17a7-IRES2-Cre;Ai14-506270.07.06.02,10.0,nucleus_present,kristenh,SUCCESS,ORB,layer 2/3,P1S4_200116_001_A01,P1S4
2020-01-16 10:02:25 -0800,Mouse,Slc17a7-IRES2-Cre;Ai14-506270.10.06.03,2600.0,nucleus_present,ramr,SUCCESS,MOp,layer 5,PAS4_200116_453_A01,PAS4
2020-01-16 10:02:25 -0800,Mouse,Slc17a7-IRES2-Cre;Ai14-506270.10.06.01,590.0,nucleus_present,ramr,SUCCESS,CTXsp,CLA,PAS4_200116_451_A01,PAS4
2020-01-16 10:02:25 -0800,Mouse,Slc17a7-IRES2-Cre;Ai14-506270.10.06.02,2500.0,nucleus_present,ramr,SUCCESS,ORB,layer 5,PAS4_200116_452_A01,PAS4
2020-01-16 11:18:14 -0800,Mouse,Slc17a7-IRES2-Cre;Ai14-506270.06.06.02,5000.0,nucleus_present,katherineb,SUCCESS,ORB,layer 1,PES4_200116_652_A01,PES4
2020-01-16 11:18:14 -0800,Mouse,Slc17a7-IRES2-Cre;Ai14-506270.06.06.01,9000.0,nucleus_present,katherineb,SUCCESS,CTXsp,CLA,PES4_200116_651_A01,PES4
2020-01-16 13:07:50 -0800,Mouse,Esr2-IRES2-Cre;Ai14-506385.04.02.03,1100.0,nucleus_present,lindsayn,SUCCESS,RSPd,layer 2/3,P8S4_200116_356_A01,P8S4
2020-01-16 13:07:50 -0800,Mouse,Esr2-IRES2-Cre;Ai14-506385.04.02.01,2000.0,nucleus_present,lindsayn,SUCCESS,VISp,layer 5,P8S4_200116_354_A01,P8S4
2020-01-16 13:07:50 -0800,Mouse,Esr2-IRES2-Cre;Ai14-506385.04.02.02,500.0,nucleus_present,lindsayn,SUCCESS,VISp,layer 5,P8S4_200116_355_A01,P8S4
2020-01-16 13:30:01 -0800,Mouse,Esr2-IRES2-Cre;Ai14-506385.05.02.02,900.0,nucleus_present,ramr,SUCCESS,RSPd,layer 5,PAS4_200116_455_A01,PAS4
2020-01-16 13:30:01 -0800,Mouse,Esr2-IRES2-Cre;Ai14-506385.05.02.03,3000.0,nucleus_present,ramr,SUCCESS,RSPd,layer 2/3,PAS4_200116_456_A01,PAS4
2020-01-16 13:30:01 -0800,Mouse,Esr2-IRES2-Cre;Ai14-506385.05.02.01,4.4,nucleus_present,ramr,SUCCESS,VISp,layer 5,PAS4_200116_454_A01,PAS4
2020-01-16 13:31:51 -0800,Mouse,Esr2-IRES2-Cre;Ai14-506385.02.01.01,1500.0,nucleus_present,katherineb,SUCCESS,VISp,layer 6a,PES4_200116_653_A01,PES4
2020-01-16 13:33:41 -0800,Mouse,Esr2-IRES2-Cre;Ai14-506385.03.01.03,4000.0,nucleus_present,kristenh,SUCCESS,VISp,layer 5,P1S4_200116_003_A01,P1S4
2020-01-16 13:33:41 -0800,Mouse,Esr2-IRES2-Cre;Ai14-506385.03.01.02,1100.0,nucleus_present,kristenh,SUCCESS,VISp,layer 6a,P1S4_200116_002_A01,P1S4
2020-01-16 14:07:58 -0800,Mouse,Esr2-IRES2-Cre;Ai14-506385.04.01.01,2000.0,nucleus_present,jessicat,SUCCESS,RSPd,layer 6a,PFS4_200116_703_A01,PFS4
2020-01-16 14:34:44 -0800,Mouse,Esr2-IRES2-Cre;Ai14-506385.03.02.02,1800.0,nucleus_present,katherineb,SUCCESS,VISp,layer 5,PES4_200116_655_A01,PES4
2020-01-16 14:34:44 -0800,Mouse,Esr2-IRES2-Cre;Ai14-506385.03.02.01,1000.0,nucleus_present,katherineb,SUCCESS,VISp,layer 5,PES4_200116_654_A01,PES4
2020-01-16 15:48:47 -0800,Mouse,Htr3a-Cre_NO152;Ai14-506089.04.01.02,1000.0,nucleus_present,jessicat,SUCCESS,RSPv,layer 2/3,PFS4_200116_705_A01,PFS4
2020-01-16 15:48:47 -0800,Mouse,Htr3a-Cre_NO152;Ai14-506089.04.01.01,2000.0,nucleus_present,jessicat,SUCCESS,RSPd,layer 2/3,PFS4_200116_704_A01,PFS4
2020-01-16 16:04:19 -0800,Human,H20.26.401.12.03.01.02,350.0,nucleus_present,ramr,SUCCESS,TCx,layer 4,PAS4_200116_457_A01,PAS4
2020-01-16 16:04:19 -0800,Human,H20.26.401.12.03.01.03,304.0,nucleus_present,ramr,SUCCESS,TCx,layer 4,PAS4_200116_458_A01,PAS4
2020-01-16 16:04:19 -0800,Human,H20.26.401.12.03.01.04,3400.0,nucleus_present,ramr,SUCCESS,TCx,layer 4,PAS4_200116_459_A01,PAS4
2020-01-16 17:05:28 -0800,Human,H20.26.401.12.05.01.01,53.0,nucleus_present,katherineb,SUCCESS,TCx,layer 4,PES4_200116_656_A01,PES4
2020-01-16 17:31:34 -0800,Human,H20.26.401.11.12.01.02,1500.0,nucleus_present,jessicat,SUCCESS,TCx,layer 4,PFS4_200116_706_A01,PFS4
2020-01-17 10:33:14 -0800,Mouse,Esr2-IRES2-Cre;Ai14-506389.03.01.02,3000.0,nucleus_present,jessicat,SUCCESS,VISp,layer 6a,PFS4_200117_701_A01,PFS4
2020-01-17 11:01:32 -0800,Mouse,Esr2-IRES2-Cre;Ai14-506389.04.02.03,2800.0,nucleus_present,ramr,SUCCESS,RSPv,layer 2/3,PAS4_200117_453_A01,PAS4
2020-01-17 11:01:32 -0800,Mouse,Esr2-IRES2-Cre;Ai14-506389.04.02.02,2700.0,nucleus_present,ramr,SUCCESS,RSPv,layer 5,PAS4_200117_452_A01,PAS4
2020-01-17 11:01:32 -0800,Mouse,Esr2-IRES2-Cre;Ai14-506389.04.02.01,2500.0,nucleus_present,ramr,SUCCESS,RSPd,layer 5,PAS4_200117_451_A01,PAS4
2020-01-17 11:15:14 -0800,Human,H20.03.301.11.51.01.01,5000.0,nucleus_present,katherineb,SUCCESS,TCx,layer 3,PCS4_200117_651_A01,PCS4
2020-01-17 11:35:40 -0800,Mouse,Esr2-IRES2-Cre;Ai14-506389.03.02.01,50.0,nucleus_present,lindsayn,SUCCESS,RSPd,layer 2/3,P8S4_200117_351_A01,P8S4
2020-01-17 13:11:40 -0800,Mouse,Esr2-IRES2-Cre;Ai14-506388.04.02.01,2000.0,nucleus_present,lindsayn,SUCCESS,RSPd,layer 5,P8S4_200117_352_A01,P8S4
2020-01-17 13:11:40 -0800,Mouse,Esr2-IRES2-Cre;Ai14-506388.04.02.02,2000.0,nucleus_present,lindsayn,SUCCESS,RSPd,layer 5,P8S4_200117_353_A01,P8S4
2020-01-17 13:11:40 -0800,Mouse,Esr2-IRES2-Cre;Ai14-506388.04.02.03,2000.0,nucleus_present,lindsayn,SUCCESS,RSPd,layer 5,P8S4_200117_354_A01,P8S4
2020-01-17 14:02:44 -0800,Mouse,Esr2-IRES2-Cre;Ai14-506388.05.02.02,2400.0,nucleus_absent,ramr,SUCCESS,RSPv,layer 5,PAS4_200117_455_A01,PAS4
2020-01-17 14:02:44 -0800,Mouse,Esr2-IRES2-Cre;Ai14-506388.05.02.01,2700.0,nucleus_present,ramr,SUCCESS,VISp,layer 5,PAS4_200117_454_A01,PAS4
2020-01-17 14:02:44 -0800,Mouse,Esr2-IRES2-Cre;Ai14-506388.05.02.03,3000.0,nucleus_present,ramr,SUCCESS,RSPv,layer 2/3,PAS4_200117_456_A01,PAS4
2020-01-17 15:05:10 -0800,Mouse,Htr3a-Cre_NO152;Ai14-506091.10.01.02,50.0,nucleus_present,jessicat,SUCCESS,RSPd,layer 5,PFS4_200117_702_A01,PFS4
2020-01-17 15:12:02 -0800,Mouse,Htr3a-Cre_NO152;Ai14-506091.09.02.03,200.0,nucleus_present,lindsayn,SUCCESS,RSPv,layer 5,P8S4_200117_357_A01,P8S4
2020-01-17 15:12:02 -0800,Mouse,Htr3a-Cre_NO152;Ai14-506091.09.02.02,2000.0,nucleus_present,lindsayn,SUCCESS,RSPd,layer 5,P8S4_200117_356_A01,P8S4
2020-01-17 15:12:02 -0800,Mouse,Htr3a-Cre_NO152;Ai14-506091.09.02.01,2000.0,nucleus_present,lindsayn,SUCCESS,RSPd,layer 5,P8S4_200117_355_A01,P8S4
2020-01-17 15:58:22 -0800,Mouse,Htr3a-Cre_NO152;Ai14-506091.08.02.01,900.0,nucleus_present,ramr,SUCCESS,RSPd,layer 5,PAS4_200117_457_A01,PAS4
2020-01-21 09:39:42 -0800,Human,H20.03.301.11.53.01.01,3.1,nucleus_absent,ramr,SUCCESS,TCx,layer 3c,PCS4_200121_451_A01,PCS4
2020-01-21 11:22:01 -0800,Mouse,Slc17a6-IRES-Cre;Ai14-507004.09.06.01,600.0,nucleus_present,lindsayn,SUCCESS,ORB,layer 5,P8S4_200121_351_A01,P8S4
2020-01-21 12:58:15 -0800,Mouse,Oxtr-T2A-Cre;Ai14-507641.09.02.01,1000.0,nucleus_present,jessicat,SUCCESS,RSPd,layer 2/3,PFS4_200121_701_A01,PFS4
2020-01-21 13:04:37 -0800,Human,H20.03.301.11.52.01.06,20.0,nucleus_absent,katherineb,SUCCESS,TCx,layer 3,PCS4_200121_656_A01,PCS4
2020-01-21 13:04:37 -0800,Human,H20.03.301.11.52.01.09,800.0,nucleus_present,katherineb,SUCCESS,TCx,layer 2,PCS4_200121_659_A01,PCS4
2020-01-21 13:04:37 -0800,Human,H20.03.301.11.52.01.02,4000.0,nucleus_present,katherineb,SUCCESS,TCx,layer 3,PCS4_200121_652_A01,PCS4
2020-01-21 13:04:37 -0800,Human,H20.03.301.11.52.01.01,5000.0,nucleus_present,katherineb,SUCCESS,TCx,layer 2,PCS4_200121_651_A01,PCS4
2020-01-21 13:04:37 -0800,Human,H20.03.301.11.52.01.03,600.0,nucleus_present,katherineb,SUCCESS,TCx,layer 2,PCS4_200121_653_A01,PCS4
2020-01-21 13:04:37 -0800,Human,H20.03.301.11.52.01.04,2500.0,nucleus_present,katherineb,SUCCESS,TCx,layer 3,PCS4_200121_654_A01,PCS4
2020-01-21 13:04:37 -0800,Human,H20.03.301.11.52.01.05,4000.0,nucleus_present,katherineb,SUCCESS,TCx,layer 3,PCS4_200121_655_A01,PCS4
2020-01-21 13:04:37 -0800,Human,H20.03.301.11.52.01.08,3000.0,nucleus_present,katherineb,SUCCESS,TCx,layer 3,PCS4_200121_658_A01,PCS4
2020-01-21 13:04:37 -0800,Human,H20.03.301.11.52.01.07,1200.0,nucleus_present,katherineb,SUCCESS,TCx,layer 3,PCS4_200121_657_A01,PCS4
2020-01-21 13:13:55 -0800,Human,H20.03.302.11.09.01.09,1550.0,nucleus_present,lindsayn,SUCCESS,TCx,layer 1,P8S4_200121_360_A01,P8S4
2020-01-21 13:13:55 -0800,Human,H20.03.302.11.09.01.04,3000.0,nucleus_present,lindsayn,SUCCESS,TCx,layer 1,P8S4_200121_355_A01,P8S4
2020-01-21 13:13:55 -0800,Human,H20.03.302.11.09.01.08,1500.0,nucleus_present,lindsayn,SUCCESS,TCx,layer 1,P8S4_200121_359_A01,P8S4
2020-01-21 13:13:55 -0800,Human,H20.03.302.11.09.01.07,1500.0,nucleus_present,lindsayn,SUCCESS,TCx,layer 1,P8S4_200121_358_A01,P8S4
2020-01-21 13:13:55 -0800,Human,H20.03.302.11.09.01.03,600.0,nucleus_present,lindsayn,SUCCESS,TCx,layer 1,P8S4_200121_354_A01,P8S4
2020-01-21 13:13:55 -0800,Human,H20.03.302.11.09.01.05,1000.0,nucleus_present,lindsayn,SUCCESS,TCx,layer 4,P8S4_200121_356_A01,P8S4
2020-01-21 13:13:55 -0800,Human,H20.03.302.11.09.01.10,1000.0,nucleus_present,lindsayn,SUCCESS,TCx,layer 4,P8S4_200121_361_A01,P8S4
2020-01-21 13:13:55 -0800,Human,H20.03.302.11.09.01.06,2000.0,nucleus_present,lindsayn,SUCCESS,TCx,layer 4,P8S4_200121_357_A01,P8S4
2020-01-21 13:13:55 -0800,Human,H20.03.302.11.09.01.11,2000.0,nucleus_present,lindsayn,SUCCESS,TCx,layer 4,P8S4_200121_362_A01,P8S4
2020-01-21 13:13:55 -0800,Human,H20.03.302.11.09.01.02,700.0,nucleus_present,lindsayn,SUCCESS,TCx,layer 1,P8S4_200121_353_A01,P8S4
2020-01-21 13:13:55 -0800,Human,H20.03.302.11.09.01.01,1500.0,nucleus_present,lindsayn,SUCCESS,TCx,layer 1,P8S4_200121_352_A01,P8S4
2020-01-21 13:27:56 -0800,Mouse,Oxtr-T2A-Cre;Ai14-507641.09.01.01,3700.0,nucleus_present,kristenh,SUCCESS,RSPv,layer 2/3,P1S4_200121_001_A01,P1S4
2020-01-21 13:27:56 -0800,Mouse,Oxtr-T2A-Cre;Ai14-507641.09.01.02,7.0,entire_cell,kristenh,SUCCESS,RSPd,layer 2/3,P1S4_200121_002_A01,P1S4
2020-01-21 14:33:37 -0800,Mouse,Oxtr-T2A-Cre;Ai14-507641.10.01.01,3300.0,nucleus_present,kristenh,SUCCESS,RSPd,layer 2/3,P1S4_200121_003_A01,P1S4
2020-01-21 14:38:05 -0800,Human,H20.03.302.11.09.02.03,1000.0,nucleus_present,jessicat,SUCCESS,TCx,layer 4,PFS4_200121_702_A01,PFS4
2020-01-21 14:38:05 -0800,Human,H20.03.302.11.09.02.05,1500.0,nucleus_present,jessicat,SUCCESS,TCx,layer 4,PFS4_200121_704_A01,PFS4
2020-01-21 14:38:05 -0800,Human,H20.03.302.11.09.02.04,1000.0,nucleus_present,jessicat,SUCCESS,TCx,layer 4,PFS4_200121_703_A01,PFS4
2020-01-21 14:59:42 -0800,Human,H20.03.302.11.10.01.01,3700.0,nucleus_present,ramr,SUCCESS,TCx,layer 4,PAS4_200121_452_A01,PAS4
2020-01-21 14:59:42 -0800,Human,H20.03.302.11.10.01.07,1700.0,nucleus_present,ramr,SUCCESS,TCx,layer 4,PAS4_200121_455_A01,PAS4
2020-01-21 14:59:42 -0800,Human,H20.03.302.11.10.01.06,2700.0,nucleus_present,ramr,SUCCESS,TCx,layer 4,PAS4_200121_454_A01,PAS4
2020-01-21 14:59:42 -0800,Human,H20.03.302.11.10.01.02,2400.0,nucleus_present,ramr,SUCCESS,TCx,layer 4,PAS4_200121_453_A01,PAS4
2020-01-21 14:59:42 -0800,Human,H20.03.302.11.10.01.08,3300.0,nucleus_present,ramr,SUCCESS,TCx,layer 4,PAS4_200121_456_A01,PAS4
2020-01-22 11:07:02 -0800,Human,H20.03.301.11.54.01.01,4.0,nucleus_absent,ramr,SUCCESS,TCx,layer 2,PCS4_200122_451_A01,PCS4
2020-01-22 11:07:02 -0800,Human,H20.03.301.11.54.01.02,3.4,nucleus_absent,ramr,SUCCESS,TCx,layer 1,PCS4_200122_452_A01,PCS4
2020-01-23 09:49:19 -0800,Mouse,Oxtr-T2A-Cre;Ai14-507642.07.06.01,2000.0,nucleus_present,kristenh,SUCCESS,ORB,layer 6a,P1S4_200123_001_A01,P1S4
2020-01-23 09:49:19 -0800,Mouse,Oxtr-T2A-Cre;Ai14-507642.07.06.02,1500.0,nucleus_present,kristenh,SUCCESS,ORB,layer 6a,P1S4_200123_002_A01,P1S4
2020-01-23 10:27:58 -0800,Human,H20.26.401.11.51.01.01,700.0,nucleus_present,lindsayn,SUCCESS,TCx,layer 5,PCS4_200123_351_A01,PCS4
2020-01-23 10:27:58 -0800,Human,H20.26.401.11.51.01.02,1200.0,nucleus_present,lindsayn,SUCCESS,TCx,layer 5,PCS4_200123_352_A01,PCS4
2020-01-23 10:27:58 -0800,Human,H20.26.401.11.51.01.03,3000.0,nucleus_present,lindsayn,SUCCESS,TCx,layer 5,PCS4_200123_353_A01,PCS4
2020-01-23 10:39:03 -0800,Human,H20.26.401.11.52.01.02,8.0,nucleus_present,katherineb,SUCCESS,TCx,layer 6,PCS4_200123_652_A01,PCS4
2020-01-23 10:39:03 -0800,Human,H20.26.401.11.52.01.03,2500.0,nucleus_present,katherineb,SUCCESS,TCx,layer 6,PCS4_200123_653_A01,PCS4
2020-01-23 10:39:03 -0800,Human,H20.26.401.11.52.01.01,5.0,nucleus_absent,katherineb,SUCCESS,TCx,layer 6,PCS4_200123_651_A01,PCS4
2020-01-23 10:39:03 -0800,Human,H20.26.401.11.52.01.04,3.0,nucleus_absent,katherineb,SUCCESS,TCx,layer 6,PCS4_200123_654_A01,PCS4
2020-01-23 10:39:33 -0800,Mouse,Oxtr-T2A-Cre;Ai14-507642.09.06.01,3000.0,nucleus_present,ramr,SUCCESS,CTXsp,CLA,PAS4_200123_451_A01,PAS4
2020-01-23 13:19:52 -0800,Mouse,Oxtr-T2A-Cre;Ai14-507643.08.01.01,2200.0,nucleus_present,ramr,SUCCESS,RSPv,layer 5,PAS4_200123_452_A01,PAS4
2020-01-23 14:57:44 -0800,Mouse,Etv1-CreERT2;Sst-IRES-FlpO;Ai65-507186.04.02.01,1000.0,nucleus_present,lindsayn,SUCCESS,RSPd,layer 5,P8S4_200123_354_A01,P8S4
2020-01-23 15:07:27 -0800,Mouse,Etv1-CreERT2;Sst-IRES-FlpO;Ai65-507186.03.02.01,2500.0,nucleus_present,ramr,SUCCESS,RSPd,layer 5,PAS4_200123_453_A01,PAS4
2020-01-23 15:59:35 -0800,Mouse,Etv1-CreERT2;Sst-IRES-FlpO;Ai65-507186.01.02.01,2300.0,nucleus_present,ramr,SUCCESS,RSPd,layer 5,PAS4_200123_454_A01,PAS4
2020-01-24 09:40:03 -0800,Mouse,Oxtr-T2A-Cre;Ai14-507644.08.06.03,700.0,nucleus_present,jessicat,SUCCESS,ORB,layer 2/3,PFS4_200124_701_A01,PFS4
2020-01-24 10:02:51 -0800,Mouse,Oxtr-T2A-Cre;Ai14-507644.10.06.03,700.0,nucleus_present,lindsayn,SUCCESS,ORB,layer 5,P8S4_200124_353_A01,P8S4
2020-01-24 10:02:51 -0800,Mouse,Oxtr-T2A-Cre;Ai14-507644.10.06.01,2000.0,nucleus_present,lindsayn,SUCCESS,ORB,layer 5,P8S4_200124_351_A01,P8S4
2020-01-24 10:02:51 -0800,Mouse,Oxtr-T2A-Cre;Ai14-507644.10.06.02,1500.0,nucleus_present,lindsayn,SUCCESS,ORB,layer 5,P8S4_200124_352_A01,P8S4
2020-01-24 10:21:24 -0800,Mouse,Oxtr-T2A-Cre;Ai14-507644.06.06.03,1000.0,nucleus_present,kristenh,SUCCESS,ORB,layer 2/3,P1S4_200124_002_A01,P1S4
2020-01-24 10:21:24 -0800,Mouse,Oxtr-T2A-Cre;Ai14-507644.06.06.01,3500.0,nucleus_present,kristenh,SUCCESS,ORB,layer 6a,P1S4_200124_001_A01,P1S4
2020-01-24 10:32:14 -0800,Human,H20.03.302.11.52.01.01,1500.0,nucleus_present,katherineb,SUCCESS,TCx,layer 3,PCS4_200124_651_A01,PCS4
2020-01-24 10:32:14 -0800,Human,H20.03.302.11.52.01.03,4000.0,nucleus_present,katherineb,SUCCESS,TCx,layer 5,PCS4_200124_653_A01,PCS4
2020-01-24 10:32:14 -0800,Human,H20.03.302.11.52.01.04,2000.0,nucleus_present,katherineb,SUCCESS,TCx,layer 3,PCS4_200124_654_A01,PCS4
2020-01-24 10:32:14 -0800,Human,H20.03.302.11.52.01.02,33.0,nucleus_present,katherineb,SUCCESS,TCx,layer 3,PCS4_200124_652_A01,PCS4
2020-01-24 10:32:14 -0800,Human,H20.03.302.11.52.01.05,3000.0,nucleus_present,katherineb,SUCCESS,TCx,layer 3,PCS4_200124_655_A01,PCS4
2020-01-24 10:32:14 -0800,Human,H20.03.302.11.52.01.06,5000.0,nucleus_present,katherineb,SUCCESS,TCx,layer 3,PCS4_200124_656_A01,PCS4
2020-01-24 10:32:14 -0800,Human,H20.03.302.11.52.01.07,3000.0,nucleus_present,katherineb,SUCCESS,TCx,layer 2,PCS4_200124_657_A01,PCS4
2020-01-24 10:52:31 -0800,Human,H20.03.302.11.51.01.04,1300.0,nucleus_present,ramr,SUCCESS,TCx,layer 3a,PCS4_200124_454_A01,PCS4
2020-01-24 10:52:31 -0800,Human,H20.03.302.11.51.01.03,250.0,nucleus_absent,ramr,SUCCESS,TCx,layer 3b,PCS4_200124_453_A01,PCS4
2020-01-24 10:52:31 -0800,Human,H20.03.302.11.51.01.02,700.0,nucleus_present,ramr,SUCCESS,TCx,layer 3a,PCS4_200124_452_A01,PCS4
2020-01-24 10:52:31 -0800,Human,H20.03.302.11.51.01.01,600.0,nucleus_present,ramr,SUCCESS,TCx,layer 3a,PCS4_200124_451_A01,PCS4
2020-01-24 10:52:31 -0800,Human,H20.03.302.11.51.01.06,600.0,nucleus_absent,ramr,SUCCESS,TCx,layer 3b,PCS4_200124_456_A01,PCS4
2020-01-24 10:52:31 -0800,Human,H20.03.302.11.51.01.05,3.5,nucleus_absent,ramr,SUCCESS,TCx,layer 3b,PCS4_200124_455_A01,PCS4
2020-01-24 10:52:31 -0800,Human,H20.03.302.11.51.01.07,3.0,nucleus_present,ramr,SUCCESS,TCx,layer 4,PCS4_200124_457_A01,PCS4
2020-01-24 13:27:36 -0800,Mouse,Ndnf-IRES2-dgCre;Slc32a1-IRES2-FlpO;Ai65-507197.04.01.01,3000.0,nucleus_present,jessicat,SUCCESS,RSPd,layer 5,PFS4_200124_702_A01,PFS4
2020-01-24 13:27:36 -0800,Mouse,Ndnf-IRES2-dgCre;Slc32a1-IRES2-FlpO;Ai65-507197.04.01.02,1000.0,nucleus_present,jessicat,SUCCESS,RSPv,layer 1,PFS4_200124_703_A01,PFS4
2020-01-24 13:32:12 -0800,Mouse,Ndnf-IRES2-dgCre;Slc32a1-IRES2-FlpO;Ai65-507197.03.01.03,2000.0,nucleus_present,lindsayn,SUCCESS,RSPd,layer 1,P8S4_200124_356_A01,P8S4
2020-01-24 13:32:12 -0800,Mouse,Ndnf-IRES2-dgCre;Slc32a1-IRES2-FlpO;Ai65-507197.03.01.01,1000.0,nucleus_present,lindsayn,SUCCESS,RSPv,layer 1,P8S4_200124_354_A01,P8S4
2020-01-24 13:32:12 -0800,Mouse,Ndnf-IRES2-dgCre;Slc32a1-IRES2-FlpO;Ai65-507197.03.01.02,1500.0,nucleus_present,lindsayn,SUCCESS,RSPd,layer 1,P8S4_200124_355_A01,P8S4
2020-01-24 13:39:31 -0800,Mouse,Ndnf-IRES2-dgCre;Slc32a1-IRES2-FlpO;Ai65-507197.05.01.03,1000.0,nucleus_present,kristenh,SUCCESS,RSPd,layer 1,P1S4_200124_003_A01,P1S4
2020-01-24 14:33:11 -0800,Mouse,Calb2-IRES-Cre;Sst-IRES-FlpO;Ai65-507439.10.01.02,200.0,nucleus_present,jessicat,SUCCESS,RSPv,layer 2/3,PFS4_200124_704_A01,PFS4
2020-01-27 09:42:17 -0800,Human,H20.26.401.12.62.01.05,180.0,nucleus_absent,ramr,SUCCESS,TCx,layer 5,PCS4_200127_455_A01,PCS4
2020-01-27 09:42:17 -0800,Human,H20.26.401.12.62.01.04,4.0,nucleus_present,ramr,SUCCESS,TCx,layer 5,PCS4_200127_454_A01,PCS4
2020-01-27 09:42:17 -0800,Human,H20.26.401.12.62.01.01,3.6,nucleus_absent,ramr,SUCCESS,TCx,layer 3b,PCS4_200127_451_A01,PCS4
2020-01-27 09:42:17 -0800,Human,H20.26.401.12.62.01.03,3.5,nucleus_absent,ramr,SUCCESS,TCx,layer 5,PCS4_200127_453_A01,PCS4
2020-01-27 09:42:17 -0800,Human,H20.26.401.12.62.01.02,700.0,nucleus_absent,ramr,SUCCESS,TCx,layer 3c,PCS4_200127_452_A01,PCS4
2020-01-27 10:10:51 -0800,Mouse,Gad2-IRES-Cre;Ai14-507867.08.06.03,2000.0,nucleus_present,lindsayn,SUCCESS,ORB,layer 5,P8S4_200127_353_A01,P8S4
2020-01-27 10:10:51 -0800,Mouse,Gad2-IRES-Cre;Ai14-507867.08.06.04,2000.0,nucleus_present,lindsayn,SUCCESS,ORB,layer 5,P8S4_200127_354_A01,P8S4
2020-01-27 10:10:51 -0800,Mouse,Gad2-IRES-Cre;Ai14-507867.08.06.01,2000.0,nucleus_present,lindsayn,SUCCESS,ORB,layer 5,P8S4_200127_351_A01,P8S4
2020-01-27 10:10:51 -0800,Mouse,Gad2-IRES-Cre;Ai14-507867.08.06.02,100.0,nucleus_present,lindsayn,SUCCESS,ORB,layer 5,P8S4_200127_352_A01,P8S4
2020-01-27 10:26:03 -0800,Human,H20.26.401.12.61.01.03,4000.0,nucleus_present,katherineb,SUCCESS,TCx,layer 4,PCS4_200127_653_A01,PCS4
2020-01-27 10:26:03 -0800,Human,H20.26.401.12.61.01.01,5000.0,nucleus_present,katherineb,SUCCESS,TCx,layer 3,PCS4_200127_651_A01,PCS4
2020-01-27 10:26:03 -0800,Human,H20.26.401.12.61.01.04,3000.0,nucleus_present,katherineb,SUCCESS,TCx,layer 3,PCS4_200127_654_A01,PCS4
2020-01-27 10:26:03 -0800,Human,H20.26.401.12.61.01.02,3000.0,nucleus_present,katherineb,SUCCESS,TCx,layer 2,PCS4_200127_652_A01,PCS4
2020-01-27 10:26:03 -0800,Human,H20.26.401.12.61.01.05,200.0,nucleus_present,katherineb,SUCCESS,TCx,layer 3,PCS4_200127_655_A01,PCS4
2020-01-27 10:32:59 -0800,Mouse,Gad2-IRES-Cre;Ai14-507867.07.06.01,2500.0,nucleus_present,kristenh,SUCCESS,ORB,layer 2/3,P1S4_200127_001_A01,P1S4
2020-01-27 13:22:07 -0800,Mouse,Vipr2-IRES2-Cre;Slc32a1-IRES2-FlpO;Ai65-508158.01.01.01,1000.0,nucleus_present,lindsayn,SUCCESS,VISp,layer 2/3,P8S4_200127_355_A01,P8S4
2020-01-27 13:38:33 -0800,Mouse,Vipr2-IRES2-Cre;Slc32a1-IRES2-FlpO;Ai65-508158.01.02.01,100.0,nucleus_present,jessicat,SUCCESS,VISp,layer 5,PFS4_200127_701_A01,PFS4
2020-01-27 13:59:45 -0800,Mouse,Vipr2-IRES2-Cre;Slc32a1-IRES2-FlpO;Ai65-508158.02.02.02,600.0,nucleus_present,lindsayn,SUCCESS,RSPd,layer 5,P8S4_200127_357_A01,P8S4
2020-01-27 13:59:45 -0800,Mouse,Vipr2-IRES2-Cre;Slc32a1-IRES2-FlpO;Ai65-508158.02.02.03,2000.0,nucleus_present,lindsayn,SUCCESS,RSPv,layer 2/3,P8S4_200127_358_A01,P8S4
2020-01-27 13:59:45 -0800,Mouse,Vipr2-IRES2-Cre;Slc32a1-IRES2-FlpO;Ai65-508158.02.02.01,1500.0,nucleus_present,lindsayn,SUCCESS,RSPd,layer 5,P8S4_200127_356_A01,P8S4
2020-01-27 14:03:14 -0800,Mouse,Th-P2A-FlpO-507995.11.01.01,300.0,nucleus_present,kristenh,SUCCESS,RSPd,layer 5,P1S4_200127_002_A01,P1S4
2020-01-27 15:00:02 -0800,Mouse,Th-P2A-FlpO-507995.12.02.01,5000.0,nucleus_present,katherineb,SUCCESS,MOs,layer 2/3,PES4_200127_656_A01,PES4
2020-01-27 15:18:00 -0800,Mouse,Vipr2-IRES2-Cre;Slc32a1-IRES2-FlpO;Ai65-508158.02.01.01,2000.0,nucleus_present,jessicat,SUCCESS,RSPv,layer 2/3,PFS4_200127_702_A01,PFS4
2020-01-27 15:48:44 -0800,Mouse,Th-P2A-FlpO-507995.07.02.01,3000.0,nucleus_present,katherineb,SUCCESS,SSp,layer 2/3,PES4_200127_657_A01,PES4
2020-01-27 16:00:21 -0800,Mouse,Vipr2-IRES2-Cre;Slc32a1-IRES2-FlpO;Ai65-508158.03.01.01,4000.0,nucleus_present,jessicat,SUCCESS,RSPd,layer 2/3,PFS4_200127_703_A01,PFS4
2020-01-28 09:48:34 -0800,Human,H20.03.302.11.53.01.04,6.0,nucleus_absent,kristenh,SUCCESS,TCx,layer 3,PCS4_200128_003_A01,PCS4
2020-01-28 09:48:34 -0800,Human,H20.03.302.11.53.01.02,4.0,entire_cell,kristenh,SUCCESS,TCx,layer 3,PCS4_200128_001_A01,PCS4
2020-01-28 09:48:34 -0800,Human,H20.03.302.11.53.01.05,5.0,nucleus_absent,kristenh,SUCCESS,TCx,layer 3,PCS4_200128_004_A01,PCS4
2020-01-28 09:48:34 -0800,Human,H20.03.302.11.53.01.03,4.0,nucleus_absent,kristenh,SUCCESS,TCx,layer 3,PCS4_200128_002_A01,PCS4
2020-01-28 09:55:54 -0800,Mouse,Gad2-IRES-Cre;Ai14-507868.08.06.01,200.0,nucleus_present,jessicat,SUCCESS,CTXsp,CLA,PFS4_200128_701_A01,PFS4
2020-01-28 10:04:10 -0800,Human,H20.03.302.11.54.01.01,3000.0,nucleus_present,katherineb,SUCCESS,TCx,layer 2,PCS4_200128_651_A01,PCS4
2020-01-28 10:04:10 -0800,Human,H20.03.302.11.54.01.07,1200.0,nucleus_absent,katherineb,SUCCESS,TCx,layer 6,PCS4_200128_657_A01,PCS4
2020-01-28 10:04:10 -0800,Human,H20.03.302.11.54.01.02,3000.0,nucleus_present,katherineb,SUCCESS,TCx,layer 3a,PCS4_200128_652_A01,PCS4
2020-01-28 10:04:10 -0800,Human,H20.03.302.11.54.01.05,4000.0,nucleus_present,katherineb,SUCCESS,TCx,layer 5,PCS4_200128_655_A01,PCS4
2020-01-28 10:04:10 -0800,Human,H20.03.302.11.54.01.11,4000.0,nucleus_present,katherineb,SUCCESS,TCx,layer 3,PCS4_200128_661_A01,PCS4
2020-01-28 10:04:10 -0800,Human,H20.03.302.11.54.01.08,3000.0,nucleus_present,katherineb,SUCCESS,TCx,layer 5,PCS4_200128_658_A01,PCS4
2020-01-28 10:04:10 -0800,Human,H20.03.302.11.54.01.04,2000.0,nucleus_present,katherineb,SUCCESS,TCx,layer 3,PCS4_200128_654_A01,PCS4
2020-01-28 10:04:10 -0800,Human,H20.03.302.11.54.01.09,4000.0,nucleus_present,katherineb,SUCCESS,TCx,layer 3,PCS4_200128_659_A01,PCS4
2020-01-28 10:04:10 -0800,Human,H20.03.302.11.54.01.10,4000.0,nucleus_present,katherineb,SUCCESS,TCx,layer 3,PCS4_200128_660_A01,PCS4
2020-01-28 10:04:10 -0800,Human,H20.03.302.11.54.01.06,3000.0,nucleus_present,katherineb,SUCCESS,TCx,layer 3,PCS4_200128_656_A01,PCS4
2020-01-28 10:04:10 -0800,Human,H20.03.302.11.54.01.03,2000.0,nucleus_present,katherineb,SUCCESS,TCx,layer 3,PCS4_200128_653_A01,PCS4
2020-01-28 10:04:53 -0800,Mouse,Gad2-IRES-Cre;Ai14-507868.10.06.01,2000.0,nucleus_present,ramr,SUCCESS,CTXsp,CLA,PAS4_200128_451_A01,PAS4
2020-01-28 10:04:53 -0800,Mouse,Gad2-IRES-Cre;Ai14-507868.10.06.02,3300.0,nucleus_present,ramr,SUCCESS,CTXsp,CLA,PAS4_200128_452_A01,PAS4
2020-01-28 12:54:03 -0800,Mouse,Vipr2-IRES2-Cre;Slc32a1-IRES2-FlpO;Ai65-508159.04.01.02,100.0,nucleus_present,lindsayn,SUCCESS,VISp,layer 2/3,P8S4_200128_352_A01,P8S4
2020-01-28 12:54:03 -0800,Mouse,Vipr2-IRES2-Cre;Slc32a1-IRES2-FlpO;Ai65-508159.04.01.01,2000.0,nucleus_present,lindsayn,SUCCESS,VISp,layer 2/3,P8S4_200128_351_A01,P8S4
2020-01-28 13:30:58 -0800,Mouse,Vipr2-IRES2-Cre;Slc32a1-IRES2-FlpO;Ai65-508159.06.01.02,4000.0,nucleus_present,ramr,SUCCESS,VISp,layer 2/3,PAS4_200128_454_A01,PAS4
2020-01-28 13:30:58 -0800,Mouse,Vipr2-IRES2-Cre;Slc32a1-IRES2-FlpO;Ai65-508159.06.01.03,2200.0,nucleus_present,ramr,SUCCESS,VISp,layer 5,PAS4_200128_455_A01,PAS4
2020-01-28 13:30:58 -0800,Mouse,Vipr2-IRES2-Cre;Slc32a1-IRES2-FlpO;Ai65-508159.06.01.01,400.0,nucleus_present,ramr,SUCCESS,VISp,layer 2/3,PAS4_200128_453_A01,PAS4
2020-01-28 13:58:50 -0800,Mouse,Th-P2A-FlpO-508001.10.02.03,2000.0,nucleus_present,lindsayn,SUCCESS,RSPd,layer 2/3,P8S4_200128_355_A01,P8S4
2020-01-28 13:58:50 -0800,Mouse,Th-P2A-FlpO-508001.10.02.01,2000.0,nucleus_present,lindsayn,SUCCESS,RSPv,layer 5,P8S4_200128_353_A01,P8S4
2020-01-28 13:58:50 -0800,Mouse,Th-P2A-FlpO-508001.10.02.04,1000.0,nucleus_present,lindsayn,SUCCESS,RSPd,layer 5,P8S4_200128_356_A01,P8S4
2020-01-28 13:58:50 -0800,Mouse,Th-P2A-FlpO-508001.10.02.02,20000.0,nucleus_present,lindsayn,SUCCESS,RSPv,layer 5,P8S4_200128_354_A01,P8S4
2020-01-28 14:46:12 -0800,Mouse,Th-P2A-FlpO-508001.11.01.01,2000.0,nucleus_present,jessicat,SUCCESS,RSPv,layer 2/3,PFS4_200128_702_A01,PFS4
2020-01-28 15:43:47 -0800,Mouse,Th-P2A-FlpO-508001.12.02.02,1000.0,nucleus_present,lindsayn,SUCCESS,RSPv,layer 5,P8S4_200128_358_A01,P8S4
2020-01-28 15:43:47 -0800,Mouse,Th-P2A-FlpO-508001.12.02.01,2000.0,nucleus_present,lindsayn,SUCCESS,RSPv,layer 5,P8S4_200128_357_A01,P8S4
2020-01-30 09:53:56 -0800,Mouse,Sst-IRES-Cre;Ai14-508744.06.06.01,1500.0,nucleus_present,katherineb,SUCCESS,CTXsp,CLA,PES4_200130_651_A01,PES4
2020-01-30 10:07:40 -0800,Mouse,Sst-IRES-Cre;Ai14-508744.07.06.02,2000.0,nucleus_present,ramr,SUCCESS,ORB,layer 5,PAS4_200130_452_A01,PAS4
2020-01-30 10:07:40 -0800,Mouse,Sst-IRES-Cre;Ai14-508744.07.06.01,2400.0,nucleus_present,ramr,SUCCESS,CTXsp,CLA,PAS4_200130_451_A01,PAS4
2020-01-30 10:07:40 -0800,Mouse,Sst-IRES-Cre;Ai14-508744.07.06.03,3600.0,nucleus_present,ramr,SUCCESS,ORB,layer 5,PAS4_200130_453_A01,PAS4
2020-01-30 11:07:49 -0800,Mouse,Sst-IRES-Cre;Ai14-508744.09.06.02,1000.0,nucleus_present,lindsayn,SUCCESS,ORB,layer 5,P8S4_200130_352_A01,P8S4
2020-01-30 11:07:49 -0800,Mouse,Sst-IRES-Cre;Ai14-508744.09.06.01,2000.0,nucleus_present,lindsayn,SUCCESS,ORB,layer 5,P8S4_200130_351_A01,P8S4
2020-01-30 13:07:12 -0800,Mouse,Slc17a8-iCre;Ai14-508388.10.01.01,200.0,nucleus_present,jessicat,SUCCESS,RSPd,layer 2/3,PFS4_200130_701_A01,PFS4
2020-01-30 13:24:54 -0800,Mouse,Slc17a8-iCre;Ai14-508388.11.01.01,2000.0,nucleus_present,lindsayn,SUCCESS,RSPd,layer 5,P8S4_200130_353_A01,P8S4
2020-01-30 13:24:54 -0800,Mouse,Slc17a8-iCre;Ai14-508388.11.01.02,400.0,nucleus_present,lindsayn,SUCCESS,RSPd,layer 5,P8S4_200130_354_A01,P8S4
2020-01-30 13:36:52 -0800,Mouse,Slc17a8-iCre;Ai14-508388.07.01.02,5000.0,nucleus_present,katherineb,SUCCESS,RSPv,layer 2/3,PES4_200130_653_A01,PES4
2020-01-30 13:36:52 -0800,Mouse,Slc17a8-iCre;Ai14-508388.07.01.01,5000.0,nucleus_present,katherineb,SUCCESS,RSPv,layer 5,PES4_200130_652_A01,PES4
2020-01-30 13:49:31 -0800,Mouse,Slc17a8-iCre;Ai14-508388.08.01.01,3500.0,nucleus_present,ramr,SUCCESS,RSPd,layer 2/3,PAS4_200130_454_A01,PAS4
2020-01-30 14:43:48 -0800,Mouse,Penk-IRES2-Cre-neo;Slc17a6-IRES2-FlpO-508088-Ai65.04.02.01,2000.0,nucleus_present,lindsayn,SUCCESS,RSPd,layer 2/3,P8S4_200130_355_A01,P8S4
2020-01-30 14:43:48 -0800,Mouse,Penk-IRES2-Cre-neo;Slc17a6-IRES2-FlpO-508088-Ai65.04.02.02,2000.0,nucleus_present,lindsayn,SUCCESS,RSPd,layer 2/3,P8S4_200130_356_A01,P8S4
2020-01-30 15:37:44 -0800,Mouse,Penk-IRES2-Cre-neo;Slc17a6-IRES2-FlpO-508088-Ai65.01.02.01,1400.0,nucleus_present,ramr,SUCCESS,RSPd,layer 2/3,PAS4_200130_455_A01,PAS4
2020-01-31 09:54:03 -0800,Mouse,Sst-IRES-Cre;Ai14-508745.08.06.02,2000.0,nucleus_present,jessicat,SUCCESS,ORB,layer 5,PFS4_200131_701_A01,PFS4
2020-01-31 09:54:03 -0800,Mouse,Sst-IRES-Cre;Ai14-508745.08.06.03,3000.0,nucleus_present,jessicat,SUCCESS,ORB,layer 6a,PFS4_200131_702_A01,PFS4
2020-01-31 10:12:41 -0800,Mouse,Sst-IRES-Cre;Ai14-508745.07.06.01,2000.0,nucleus_present,katherineb,SUCCESS,CTXsp,CLA,PES4_200131_651_A01,PES4
2020-01-31 10:12:41 -0800,Mouse,Sst-IRES-Cre;Ai14-508745.07.06.02,2000.0,nucleus_present,katherineb,SUCCESS,ORB,layer 5,PES4_200131_652_A01,PES4
2020-01-31 10:21:49 -0800,Mouse,Sst-IRES-Cre;Ai14-508745.09.06.02,2000.0,nucleus_present,lindsayn,SUCCESS,ORB,layer 5,P8S4_200131_352_A01,P8S4
2020-01-31 10:21:49 -0800,Mouse,Sst-IRES-Cre;Ai14-508745.09.06.01,50.0,nucleus_present,lindsayn,SUCCESS,ORB,layer 5,P8S4_200131_351_A01,P8S4
2020-01-31 10:26:27 -0800,Mouse,Sst-IRES-Cre;Ai14-508745.10.06.02,2800.0,nucleus_present,ramr,SUCCESS,ORB,layer 5,PAS4_200131_451_A01,PAS4
2020-01-31 12:48:43 -0800,Mouse,Slc17a8-iCre;Ai14-508389.10.01.01,5000.0,nucleus_present,kristenh,SUCCESS,RSPv,layer 5,P1S4_200131_001_A01,P1S4
2020-01-31 13:19:38 -0800,Mouse,Slc17a8-iCre;Ai14-508389.08.01.05,3000.0,nucleus_present,jessicat,SUCCESS,RSPv,layer 6a,PFS4_200131_706_A01,PFS4
2020-01-31 13:19:38 -0800,Mouse,Slc17a8-iCre;Ai14-508389.08.01.04,4000.0,nucleus_present,jessicat,SUCCESS,RSPv,layer 5,PFS4_200131_705_A01,PFS4
2020-01-31 13:19:38 -0800,Mouse,Slc17a8-iCre;Ai14-508389.08.01.01,2000.0,nucleus_present,jessicat,SUCCESS,RSPd,layer 5,PFS4_200131_703_A01,PFS4
2020-01-31 13:19:38 -0800,Mouse,Slc17a8-iCre;Ai14-508389.08.01.03,1500.0,nucleus_present,jessicat,SUCCESS,RSPd,layer 5,PFS4_200131_704_A01,PFS4
2020-01-31 13:28:41 -0800,Mouse,Sst-IRES-Cre;Ai14-508745.11.06.01,1600.0,nucleus_present,ramr,SUCCESS,CTXsp,CLA,PAS4_200131_452_A01,PAS4
2020-01-31 13:31:13 -0800,Mouse,Slc17a8-iCre;Ai14-508389.09.01.02,60.0,nucleus_present,lindsayn,SUCCESS,RSPv,layer 5,P8S4_200131_354_A01,P8S4
2020-01-31 13:31:13 -0800,Mouse,Slc17a8-iCre;Ai14-508389.09.01.01,2000.0,nucleus_present,lindsayn,SUCCESS,RSPv,layer 5,P8S4_200131_353_A01,P8S4
2020-01-31 14:04:36 -0800,Mouse,Penk-IRES2-Cre-neo;Slc17a6-IRES2-FlpO-508089-Ai65.04.01.02,11.0,nucleus_present,kristenh,SUCCESS,RSPd,layer 2/3,P1S4_200131_002_A01,P1S4
2020-01-31 14:34:57 -0800,Mouse,Penk-IRES2-Cre-neo;Slc17a6-IRES2-FlpO-508089-Ai65.03.02.01,2000.0,nucleus_present,lindsayn,SUCCESS,RSPd,layer 2/3,P8S4_200131_355_A01,P8S4
2020-01-31 15:06:21 -0800,Mouse,Penk-IRES2-Cre-neo;Slc17a6-IRES2-FlpO-508089-Ai65.04.02.01,3700.0,nucleus_present,ramr,SUCCESS,RSPd,layer 2/3,PAS4_200131_453_A01,PAS4
2020-01-31 15:31:37 -0800,Mouse,Penk-IRES2-Cre-neo;Slc17a6-IRES2-FlpO-508089-Ai65.02.02.01,2000.0,nucleus_present,lindsayn,SUCCESS,RSPv,layer 2/3,P8S4_200131_356_A01,P8S4
2020-01-31 15:49:21 -0800,Mouse,Penk-IRES2-Cre-neo;Slc17a6-IRES2-FlpO-508089-Ai65.03.01.02,2000.0,nucleus_present,jessicat,SUCCESS,RSPd,layer 2/3,PFS4_200131_707_A01,PFS4
2020-01-31 16:15:03 -0800,Mouse,Penk-IRES2-Cre-neo;Slc17a6-IRES2-FlpO-508089-Ai65.02.01.01,2000.0,nucleus_present,katherineb,SUCCESS,RSPv,layer 5,PES4_200131_653_A01,PES4
2020-02-03 09:32:56 -0800,Mouse,Sst-IRES-Cre;Ai14-508746.09.06.02,2000.0,nucleus_present,jessicat,SUCCESS,ORB,layer 5,PFS4_200203_701_A01,PFS4
2020-02-03 09:49:43 -0800,Mouse,Sst-IRES-Cre;Ai14-508746.08.06.02,3300.0,nucleus_present,ramr,SUCCESS,ORB,layer 5,PAS4_200203_451_A01,PAS4
2020-02-03 10:06:43 -0800,Mouse,Sst-IRES-Cre;Ai14-508746.06.06.01,2000.0,nucleus_present,katherineb,SUCCESS,CTXsp,CLA,PES4_200203_651_A01,PES4
2020-02-03 10:06:43 -0800,Mouse,Sst-IRES-Cre;Ai14-508746.06.06.02,3000.0,nucleus_present,katherineb,SUCCESS,ORB,layer 2/3,PES4_200203_652_A01,PES4
2020-02-03 10:40:05 -0800,Mouse,Sst-IRES-Cre;Ai14-508746.10.06.02,2000.0,nucleus_present,lindsayn,SUCCESS,ORB,layer 5,P8S4_200203_352_A01,P8S4
2020-02-03 10:40:05 -0800,Mouse,Sst-IRES-Cre;Ai14-508746.10.06.01,2000.0,nucleus_present,lindsayn,SUCCESS,ORB,layer 5,P8S4_200203_351_A01,P8S4
2020-02-03 10:40:05 -0800,Mouse,Sst-IRES-Cre;Ai14-508746.10.06.03,2000.0,nucleus_present,lindsayn,SUCCESS,ORB,layer 5,P8S4_200203_353_A01,P8S4
2020-02-03 11:40:32 -0800,Mouse,Sst-IRES-Cre;Ai14-508746.05.06.01,3000.0,nucleus_present,katherineb,SUCCESS,CTXsp,CLA,PES4_200203_653_A01,PES4
2020-02-03 11:40:32 -0800,Mouse,Sst-IRES-Cre;Ai14-508746.05.06.02,3000.0,nucleus_present,katherineb,SUCCESS,ORB,layer 2/3,PES4_200203_654_A01,PES4
2020-02-03 12:28:33 -0800,Mouse,Penk-IRES2-Cre-neo;Slc17a6-IRES2-FlpO-508094-Ai65.07.09.03,2300.0,nucleus_present,ramr,SUCCESS,RSPv,layer 2/3,PAS4_200203_454_A01,PAS4
2020-02-03 12:28:33 -0800,Mouse,Penk-IRES2-Cre-neo;Slc17a6-IRES2-FlpO-508094-Ai65.07.09.02,2500.0,nucleus_present,ramr,SUCCESS,RSPd,layer 2/3,PAS4_200203_453_A01,PAS4
2020-02-03 12:28:33 -0800,Mouse,Penk-IRES2-Cre-neo;Slc17a6-IRES2-FlpO-508094-Ai65.07.09.01,1600.0,nucleus_present,ramr,SUCCESS,RSPd,layer 2/3,PAS4_200203_452_A01,PAS4
2020-02-03 13:23:30 -0800,Mouse,Penk-IRES2-Cre-neo;Slc17a6-IRES2-FlpO-508094-Ai65.09.09.02,3000.0,nucleus_present,jessicat,SUCCESS,RSPv,layer 2/3,PFS4_200203_703_A01,PFS4
2020-02-03 13:23:30 -0800,Mouse,Penk-IRES2-Cre-neo;Slc17a6-IRES2-FlpO-508094-Ai65.09.09.01,1200.0,nucleus_present,jessicat,SUCCESS,RSPd,layer 2/3,PFS4_200203_702_A01,PFS4
2020-02-03 13:42:56 -0800,Mouse,Penk-IRES2-Cre-neo;Slc17a6-IRES2-FlpO-508094-Ai65.08.09.03,50.0,nucleus_present,lindsayn,SUCCESS,HY,Ventromedial hypothalamic nucleus,P8S4_200203_356_A01,P8S4
2020-02-03 13:42:56 -0800,Mouse,Penk-IRES2-Cre-neo;Slc17a6-IRES2-FlpO-508094-Ai65.08.09.02,2000.0,nucleus_present,lindsayn,SUCCESS,HY,Ventromedial hypothalamic nucleus,P8S4_200203_355_A01,P8S4
2020-02-03 13:42:56 -0800,Mouse,Penk-IRES2-Cre-neo;Slc17a6-IRES2-FlpO-508094-Ai65.08.09.01,2000.0,nucleus_present,lindsayn,SUCCESS,HY,Ventromedial hypothalamic nucleus,P8S4_200203_354_A01,P8S4
2020-02-03 14:33:26 -0800,Mouse,Penk-IRES2-Cre-neo;Slc17a6-IRES2-FlpO-508094-Ai65.05.09.02,2000.0,nucleus_present,katherineb,SUCCESS,RSPv,layer 2/3,PES4_200203_656_A01,PES4
2020-02-03 14:33:26 -0800,Mouse,Penk-IRES2-Cre-neo;Slc17a6-IRES2-FlpO-508094-Ai65.05.09.01,3000.0,nucleus_present,katherineb,SUCCESS,RSPd,layer 2/3,PES4_200203_655_A01,PES4
2020-02-03 15:14:30 -0800,Mouse,Oxtr-T2A-Cre;Ai14-508855.06.02.01,300.0,nucleus_present,lindsayn,SUCCESS,RSPv,layer 5,P8S4_200203_357_A01,P8S4
2020-02-03 15:14:30 -0800,Mouse,Oxtr-T2A-Cre;Ai14-508855.06.02.02,1800.0,nucleus_present,lindsayn,SUCCESS,RSPv,layer 5,P8S4_200203_358_A01,P8S4
2020-02-03 15:49:18 -0800,Mouse,Oxtr-T2A-Cre;Ai14-508855.06.01.01,2500.0,nucleus_present,katherineb,SUCCESS,RSPd,layer 2/3,PES4_200203_657_A01,PES4
2020-02-04 09:49:10 -0800,Mouse,Sst-IRES-Cre;Ai14-508748.06.06.02,2600.0,nucleus_present,kristenh,SUCCESS,ORB,layer 6a,P1S4_200204_002_A01,P1S4
2020-02-04 09:49:10 -0800,Mouse,Sst-IRES-Cre;Ai14-508748.06.06.04,300.0,nucleus_present,kristenh,SUCCESS,ORB,layer 6a,P1S4_200204_004_A01,P1S4
2020-02-04 09:49:10 -0800,Mouse,Sst-IRES-Cre;Ai14-508748.06.06.03,3000.0,nucleus_present,kristenh,SUCCESS,ORB,layer 2/3,P1S4_200204_003_A01,P1S4
2020-02-04 09:49:10 -0800,Mouse,Sst-IRES-Cre;Ai14-508748.06.06.01,7000.0,nucleus_present,kristenh,SUCCESS,ORB,layer 6a,P1S4_200204_001_A01,P1S4
2020-02-04 09:52:06 -0800,Mouse,Sst-IRES-Cre;Ai14-508748.08.06.02,900.0,nucleus_present,ramr,SUCCESS,ORB,layer 5,PAS4_200204_451_A01,PAS4
2020-02-04 09:52:06 -0800,Mouse,Sst-IRES-Cre;Ai14-508748.08.06.04,1900.0,nucleus_present,ramr,SUCCESS,ORB,layer 2/3,PAS4_200204_453_A01,PAS4
2020-02-04 09:52:06 -0800,Mouse,Sst-IRES-Cre;Ai14-508748.08.06.03,260.0,nucleus_present,ramr,SUCCESS,ORB,layer 2/3,PAS4_200204_452_A01,PAS4
2020-02-04 10:04:34 -0800,Mouse,Sst-IRES-Cre;Ai14-508748.05.06.02,4500.0,nucleus_present,katherineb,SUCCESS,ORB,layer 2/3,PES4_200204_652_A01,PES4
2020-02-04 10:04:34 -0800,Mouse,Sst-IRES-Cre;Ai14-508748.05.06.01,4500.0,nucleus_present,katherineb,SUCCESS,CTXsp,CLA,PES4_200204_651_A01,PES4
2020-02-04 10:07:50 -0800,Mouse,Sst-IRES-Cre;Ai14-508748.09.06.01,800.0,nucleus_present,jessicat,SUCCESS,CTXsp,CLA,PFS4_200204_701_A01,PFS4
2020-02-04 10:07:50 -0800,Mouse,Sst-IRES-Cre;Ai14-508748.09.06.02,1000.0,nucleus_present,jessicat,SUCCESS,ORB,layer 2/3,PFS4_200204_702_A01,PFS4
2020-02-04 10:07:50 -0800,Mouse,Sst-IRES-Cre;Ai14-508748.09.06.03,2000.0,nucleus_present,jessicat,SUCCESS,ORB,layer 2/3,PFS4_200204_703_A01,PFS4
2020-02-04 11:13:27 -0800,Mouse,Sst-IRES-Cre;Ai14-508748.10.06.01,2500.0,nucleus_present,lindsayn,SUCCESS,ORB,layer 5,P8S4_200204_351_A01,P8S4
2020-02-04 11:13:27 -0800,Mouse,Sst-IRES-Cre;Ai14-508748.10.06.02,1000.0,nucleus_present,lindsayn,SUCCESS,ORB,layer 5,P8S4_200204_352_A01,P8S4
2020-02-04 11:27:11 -0800,Mouse,Sst-IRES-Cre;Ai14-508748.07.06.02,2000.0,nucleus_present,katherineb,SUCCESS,ORB,layer 2/3,PES4_200204_654_A01,PES4
2020-02-04 11:27:11 -0800,Mouse,Sst-IRES-Cre;Ai14-508748.07.06.01,5000.0,nucleus_present,katherineb,SUCCESS,CTXsp,CLA,PES4_200204_653_A01,PES4
2020-02-04 11:27:11 -0800,Mouse,Sst-IRES-Cre;Ai14-508748.07.06.03,400.0,nucleus_present,katherineb,SUCCESS,ORB,layer 2/3,PES4_200204_655_A01,PES4
2020-02-04 12:51:21 -0800,Mouse,Penk-IRES2-Cre-neo;Slc17a6-IRES2-FlpO-508719-Ai65.07.09.01,2000.0,nucleus_present,kristenh,SUCCESS,RSPd,layer 2/3,P1S4_200204_005_A01,P1S4
2020-02-04 13:19:21 -0800,Mouse,Penk-IRES2-Cre-neo;Slc17a6-IRES2-FlpO-508719-Ai65.09.09.02,3000.0,nucleus_present,jessicat,SUCCESS,RSPd,layer 2/3,PFS4_200204_705_A01,PFS4
2020-02-04 13:19:21 -0800,Mouse,Penk-IRES2-Cre-neo;Slc17a6-IRES2-FlpO-508719-Ai65.09.09.01,2000.0,nucleus_present,jessicat,SUCCESS,RSPd,layer 2/3,PFS4_200204_704_A01,PFS4
2020-02-04 13:23:01 -0800,Mouse,Penk-IRES2-Cre-neo;Slc17a6-IRES2-FlpO-508719-Ai65.08.09.01,2000.0,nucleus_present,lindsayn,SUCCESS,RSPv,layer 2/3,P8S4_200204_353_A01,P8S4
2020-02-04 13:48:13 -0800,Human,H20.03.303.11.03.01.05,2600.0,nucleus_present,katherineb,SUCCESS,TCx,layer 1,PES4_200204_660_A01,PES4
2020-02-04 13:48:13 -0800,Human,H20.03.303.11.03.01.06,2600.0,nucleus_present,katherineb,SUCCESS,TCx,layer 1,PES4_200204_661_A01,PES4
2020-02-04 13:48:13 -0800,Human,H20.03.303.11.03.01.03,6000.0,nucleus_present,katherineb,SUCCESS,TCx,layer 4,PES4_200204_658_A01,PES4
2020-02-04 13:48:13 -0800,Human,H20.03.303.11.03.01.02,4000.0,nucleus_present,katherineb,SUCCESS,TCx,layer 4,PES4_200204_657_A01,PES4
2020-02-04 13:48:13 -0800,Human,H20.03.303.11.03.01.08,5000.0,nucleus_present,katherineb,SUCCESS,TCx,layer 1,PES4_200204_663_A01,PES4
2020-02-04 13:48:13 -0800,Human,H20.03.303.11.03.01.09,1500.0,nucleus_present,katherineb,SUCCESS,TCx,layer 1,PES4_200204_664_A01,PES4
2020-02-04 13:48:13 -0800,Human,H20.03.303.11.03.01.04,5000.0,nucleus_present,katherineb,SUCCESS,TCx,layer 1,PES4_200204_659_A01,PES4
2020-02-04 13:48:13 -0800,Human,H20.03.303.11.03.01.07,150.0,nucleus_present,katherineb,SUCCESS,TCx,layer 1,PES4_200204_662_A01,PES4
2020-02-04 13:48:13 -0800,Human,H20.03.303.11.03.01.01,5000.0,nucleus_present,katherineb,SUCCESS,TCx,layer 4,PES4_200204_656_A01,PES4
2020-02-04 13:59:07 -0800,Human,H20.03.303.11.04.01.07,2000.0,nucleus_present,lindsayn,SUCCESS,TCx,layer 4,P8S4_200204_360_A01,P8S4
2020-02-04 13:59:07 -0800,Human,H20.03.303.11.04.01.04,2000.0,nucleus_present,lindsayn,SUCCESS,TCx,layer 4,P8S4_200204_357_A01,P8S4
2020-02-04 13:59:07 -0800,Human,H20.03.303.11.04.01.06,2000.0,nucleus_present,lindsayn,SUCCESS,TCx,layer 1,P8S4_200204_359_A01,P8S4
2020-02-04 13:59:07 -0800,Human,H20.03.303.11.04.01.01,1500.0,nucleus_present,lindsayn,SUCCESS,TCx,layer 4,P8S4_200204_354_A01,P8S4
2020-02-04 13:59:07 -0800,Human,H20.03.303.11.04.01.02,400.0,nucleus_present,lindsayn,SUCCESS,TCx,layer 4,P8S4_200204_355_A01,P8S4
2020-02-04 13:59:07 -0800,Human,H20.03.303.11.04.01.03,2000.0,nucleus_present,lindsayn,SUCCESS,TCx,layer 4,P8S4_200204_356_A01,P8S4
2020-02-04 13:59:07 -0800,Human,H20.03.303.11.04.01.05,1000.0,nucleus_present,lindsayn,SUCCESS,TCx,layer 4,P8S4_200204_358_A01,P8S4
2020-02-04 14:08:11 -0800,Mouse,Penk-IRES2-Cre-neo;Slc17a6-IRES2-FlpO-508719-Ai65.10.09.03,3100.0,nucleus_present,kristenh,SUCCESS,RSPv,layer 2/3,P1S4_200204_008_A01,P1S4
2020-02-04 14:08:11 -0800,Mouse,Penk-IRES2-Cre-neo;Slc17a6-IRES2-FlpO-508719-Ai65.10.09.02,2200.0,nucleus_present,kristenh,SUCCESS,RSPv,layer 2/3,P1S4_200204_007_A01,P1S4
2020-02-04 14:08:11 -0800,Mouse,Penk-IRES2-Cre-neo;Slc17a6-IRES2-FlpO-508719-Ai65.10.09.01,1900.0,nucleus_present,kristenh,SUCCESS,RSPd,layer 2/3,P1S4_200204_006_A01,P1S4
2020-02-04 14:13:07 -0800,Human,H20.03.303.11.08.01.03,1600.0,nucleus_present,ramr,SUCCESS,TCx,layer 1,PAS4_200204_456_A01,PAS4
2020-02-04 14:13:07 -0800,Human,H20.03.303.11.08.01.04,1900.0,nucleus_present,ramr,SUCCESS,TCx,layer 1,PAS4_200204_457_A01,PAS4
2020-02-04 14:13:07 -0800,Human,H20.03.303.11.08.01.02,2000.0,nucleus_present,ramr,SUCCESS,TCx,layer 1,PAS4_200204_455_A01,PAS4
2020-02-04 14:13:07 -0800,Human,H20.03.303.11.08.01.06,110.0,nucleus_present,ramr,SUCCESS,TCx,layer 4,PAS4_200204_459_A01,PAS4
2020-02-04 14:13:07 -0800,Human,H20.03.303.11.08.01.07,3.2,nucleus_present,ramr,SUCCESS,TCx,layer 4,PAS4_200204_460_A01,PAS4
2020-02-04 14:13:07 -0800,Human,H20.03.303.11.08.01.01,1400.0,nucleus_present,ramr,SUCCESS,TCx,layer 1,PAS4_200204_454_A01,PAS4
2020-02-04 14:13:07 -0800,Human,H20.03.303.11.08.01.05,1000.0,nucleus_present,ramr,SUCCESS,TCx,layer 1,PAS4_200204_458_A01,PAS4
2020-02-06 09:31:20 -0800,Mouse,Sst-IRES-Cre;Ai14-508750.08.06.01,3000.0,nucleus_present,kristenh,SUCCESS,CTXsp,CLA,P1S4_200206_001_A01,P1S4
2020-02-06 09:32:40 -0800,Mouse,Sst-IRES-Cre;Ai14-508750.09.06.01,2700.0,nucleus_present,ramr,SUCCESS,CTXsp,CLA,PAS4_200206_451_A01,PAS4
2020-02-06 09:48:13 -0800,Mouse,Sst-IRES-Cre;Ai14-508750.10.06.03,1100.0,nucleus_present,lindsayn,SUCCESS,ORB,layer 5,P8S4_200206_352_A01,P8S4
2020-02-06 09:48:13 -0800,Mouse,Sst-IRES-Cre;Ai14-508750.10.06.04,1800.0,nucleus_present,lindsayn,SUCCESS,ORB,layer 5,P8S4_200206_353_A01,P8S4
2020-02-06 09:48:13 -0800,Mouse,Sst-IRES-Cre;Ai14-508750.10.06.01,1700.0,nucleus_present,lindsayn,SUCCESS,ORB,layer 5,P8S4_200206_351_A01,P8S4
2020-02-06 10:05:33 -0800,Mouse,Sst-IRES-Cre;Ai14-508750.07.06.02,2000.0,nucleus_present,jessicat,SUCCESS,CTXsp,CLA,PFS4_200206_702_A01,PFS4
2020-02-06 10:05:33 -0800,Mouse,Sst-IRES-Cre;Ai14-508750.07.06.01,1500.0,nucleus_present,jessicat,SUCCESS,CTXsp,CLA,PFS4_200206_701_A01,PFS4
2020-02-06 10:05:33 -0800,Mouse,Sst-IRES-Cre;Ai14-508750.07.06.03,1500.0,nucleus_present,jessicat,SUCCESS,ORB,layer 5,PFS4_200206_703_A01,PFS4
2020-02-06 10:15:45 -0800,Mouse,Sst-IRES-Cre;Ai14-508750.05.06.01,2300.0,nucleus_present,katherineb,SUCCESS,CTXsp,CLA,PES4_200206_651_A01,PES4
2020-02-06 11:20:26 -0800,Mouse,Sst-IRES-Cre;Ai14-508750.11.06.01,2300.0,nucleus_present,ramr,SUCCESS,CTXsp,CLA,PAS4_200206_452_A01,PAS4
2020-02-06 11:30:00 -0800,Mouse,Sst-IRES-Cre;Ai14-508750.04.06.01,5000.0,nucleus_present,katherineb,SUCCESS,CTXsp,CLA,PES4_200206_652_A01,PES4
2020-02-06 13:34:56 -0800,Mouse,Penk-IRES2-Cre-neo;Slc17a6-IRES2-FlpO-508935-Ai65.07.09.02,50.0,nucleus_present,lindsayn,SUCCESS,RSPd,layer 2/3,P8S4_200206_354_A01,P8S4
2020-02-06 13:46:10 -0800,Mouse,Penk-IRES2-Cre-neo;Slc17a6-IRES2-FlpO-508935-Ai65.10.09.03,1000.0,nucleus_present,jessicat,SUCCESS,RSPd,layer 2/3,PFS4_200206_706_A01,PFS4
2020-02-06 13:46:10 -0800,Mouse,Penk-IRES2-Cre-neo;Slc17a6-IRES2-FlpO-508935-Ai65.10.09.01,2000.0,nucleus_present,jessicat,SUCCESS,RSPv,layer 2/3,PFS4_200206_704_A01,PFS4
2020-02-06 13:46:10 -0800,Mouse,Penk-IRES2-Cre-neo;Slc17a6-IRES2-FlpO-508935-Ai65.10.09.04,5000.0,nucleus_present,jessicat,SUCCESS,RSPd,layer 2/3,PFS4_200206_707_A01,PFS4
2020-02-06 13:46:10 -0800,Mouse,Penk-IRES2-Cre-neo;Slc17a6-IRES2-FlpO-508935-Ai65.10.09.02,2000.0,nucleus_present,jessicat,SUCCESS,RSPd,layer 2/3,PFS4_200206_705_A01,PFS4
2020-02-06 13:49:13 -0800,Mouse,Penk-IRES2-Cre-neo;Slc17a6-IRES2-FlpO-508935-Ai65.06.09.02,2500.0,nucleus_present,ramr,SUCCESS,RSPv,layer 2/3,PAS4_200206_454_A01,PAS4
2020-02-06 13:49:13 -0800,Mouse,Penk-IRES2-Cre-neo;Slc17a6-IRES2-FlpO-508935-Ai65.06.09.01,1000.0,nucleus_present,ramr,SUCCESS,RSPd,layer 2/3,PAS4_200206_453_A01,PAS4
2020-02-06 14:43:31 -0800,Mouse,Oxtr-T2A-Cre;Ai14-510016.02.02.02,1500.0,nucleus_present,katherineb,SUCCESS,RSPv,layer 1,PES4_200206_654_A01,PES4
2020-02-06 14:43:31 -0800,Mouse,Oxtr-T2A-Cre;Ai14-510016.02.02.01,400.0,nucleus_present,katherineb,SUCCESS,RSPd,layer 2/3,PES4_200206_653_A01,PES4
2020-02-06 15:06:47 -0800,Mouse,Oxtr-T2A-Cre;Ai14-510016.01.02.02,50.0,nucleus_present,lindsayn,SUCCESS,RSPd,layer 2/3,P8S4_200206_356_A01,P8S4
2020-02-06 15:06:47 -0800,Mouse,Oxtr-T2A-Cre;Ai14-510016.01.02.01,1000.0,nucleus_present,lindsayn,SUCCESS,RSPd,layer 2/3,P8S4_200206_355_A01,P8S4
2020-02-06 16:36:53 -0800,Mouse,Oxtr-T2A-Cre;Ai14-510016.04.01.01,2000.0,nucleus_present,jessicat,SUCCESS,RSPv,layer 2/3,PFS4_200206_708_A01,PFS4
2020-02-07 09:52:21 -0800,Mouse,Sst-IRES-Cre;Ai14-508753.09.06.02,2800.0,nucleus_present,ramr,SUCCESS,ORB,layer 2/3,PAS4_200207_452_A01,PAS4
2020-02-07 09:52:21 -0800,Mouse,Sst-IRES-Cre;Ai14-508753.09.06.01,1400.0,nucleus_present,ramr,SUCCESS,ORB,layer 5,PAS4_200207_451_A01,PAS4
2020-02-07 09:52:21 -0800,Mouse,Sst-IRES-Cre;Ai14-508753.09.06.03,3300.0,nucleus_present,ramr,SUCCESS,ORB,layer 5,PAS4_200207_453_A01,PAS4
2020-02-07 09:53:06 -0800,Mouse,Sst-IRES-Cre;Ai14-508753.08.06.01,4000.0,nucleus_present,jessicat,SUCCESS,ORB,layer 5,PFS4_200207_701_A01,PFS4
2020-02-07 09:54:40 -0800,Human,H20.03.303.11.52.01.06,5000.0,nucleus_present,katherineb,SUCCESS,TCx,layer 4,PCS4_200207_656_A01,PCS4
2020-02-07 09:54:40 -0800,Human,H20.03.303.11.52.01.01,8.0,nucleus_absent,katherineb,SUCCESS,TCx,layer 3,PCS4_200207_651_A01,PCS4
2020-02-07 09:54:40 -0800,Human,H20.03.303.11.52.01.05,3000.0,nucleus_present,katherineb,SUCCESS,TCx,layer 3,PCS4_200207_655_A01,PCS4
2020-02-07 09:54:40 -0800,Human,H20.03.303.11.52.01.02,3000.0,nucleus_present,katherineb,SUCCESS,TCx,layer 3,PCS4_200207_652_A01,PCS4
2020-02-07 09:54:40 -0800,Human,H20.03.303.11.52.01.03,100.0,nucleus_present,katherineb,SUCCESS,TCx,layer 3,PCS4_200207_653_A01,PCS4
2020-02-07 09:54:40 -0800,Human,H20.03.303.11.52.01.04,3000.0,nucleus_present,katherineb,SUCCESS,TCx,layer 3,PCS4_200207_654_A01,PCS4
2020-02-07 10:02:31 -0800,Human,H20.03.303.11.51.01.06,1000.0,nucleus_present,lindsayn,SUCCESS,TCx,layer 5,PCS4_200207_356_A01,PCS4
2020-02-07 10:02:31 -0800,Human,H20.03.303.11.51.01.08,2000.0,nucleus_present,lindsayn,SUCCESS,TCx,layer 5,PCS4_200207_358_A01,PCS4
2020-02-07 10:02:31 -0800,Human,H20.03.303.11.51.01.04,2000.0,nucleus_present,lindsayn,SUCCESS,TCx,layer 5,PCS4_200207_354_A01,PCS4
2020-02-07 10:02:31 -0800,Human,H20.03.303.11.51.01.05,2000.0,nucleus_present,lindsayn,SUCCESS,TCx,layer 3,PCS4_200207_355_A01,PCS4
2020-02-07 10:02:31 -0800,Human,H20.03.303.11.51.01.09,1000.0,nucleus_present,lindsayn,SUCCESS,TCx,layer 5,PCS4_200207_359_A01,PCS4
2020-02-07 10:02:31 -0800,Human,H20.03.303.11.51.01.01,400.0,nucleus_absent,lindsayn,SUCCESS,TCx,layer 5,PCS4_200207_351_A01,PCS4
2020-02-07 10:02:31 -0800,Human,H20.03.303.11.51.01.03,2000.0,nucleus_present,lindsayn,SUCCESS,TCx,layer 4,PCS4_200207_353_A01,PCS4
2020-02-07 10:02:31 -0800,Human,H20.03.303.11.51.01.07,500.0,nucleus_present,lindsayn,SUCCESS,TCx,layer 3,PCS4_200207_357_A01,PCS4
2020-02-07 10:02:31 -0800,Human,H20.03.303.11.51.01.02,1000.0,nucleus_present,lindsayn,SUCCESS,TCx,layer 5,PCS4_200207_352_A01,PCS4
2020-02-07 10:14:34 -0800,Mouse,Sst-IRES-Cre;Ai14-508753.07.06.02,5000.0,nucleus_present,kristenh,SUCCESS,ORB,layer 5,P1S4_200207_001_A01,P1S4
2020-02-07 12:31:16 -0800,Mouse,Penk-IRES2-Cre-neo;Slc17a6-IRES2-FlpO-508937-Ai65.08.09.04,2000.0,nucleus_present,jessicat,SUCCESS,RSPv,layer 2/3,PFS4_200207_704_A01,PFS4
2020-02-07 12:31:16 -0800,Mouse,Penk-IRES2-Cre-neo;Slc17a6-IRES2-FlpO-508937-Ai65.08.09.02,2000.0,nucleus_present,jessicat,SUCCESS,RSPd,layer 2/3,PFS4_200207_702_A01,PFS4
2020-02-07 12:31:16 -0800,Mouse,Penk-IRES2-Cre-neo;Slc17a6-IRES2-FlpO-508937-Ai65.08.09.03,3000.0,nucleus_present,jessicat,SUCCESS,RSPd,layer 2/3,PFS4_200207_703_A01,PFS4
2020-02-07 15:42:26 -0800,Mouse,Nos1-CreERT2;Sst-IRES-FlpO;Ai65-510005.09.02.01,2600.0,nucleus_present,jessicat,SUCCESS,RSPv,layer 6a,PFS4_200207_705_A01,PFS4
2020-02-10 10:22:40 -0800,Mouse,Ctgf-T2A-dgCre;Ai14-509689.04.02.01,2000.0,nucleus_present,katherineb,SUCCESS,VISp,layer 6b,PES4_200210_652_A01,PES4
2020-02-10 11:26:22 -0800,Mouse,Slc32a1-IRES-Cre;Sncg-IRES2-FlpO;Ai65-509355.09.01.01,2000.0,nucleus_present,katherineb,SUCCESS,VISp,layer 6b,PES4_200210_654_A01,PES4
2020-02-10 11:26:22 -0800,Mouse,Ctgf-T2A-dgCre;Ai14-509689.04.02.02,2000.0,nucleus_present,katherineb,SUCCESS,VISp,layer 6b,PES4_200210_653_A01,PES4
2020-02-10 11:57:33 -0800,Mouse,Ctgf-T2A-dgCre;Ai14-509689.04.01.01,3400.0,nucleus_present,ramr,SUCCESS,VISp,layer 6b,PAS4_200210_451_A01,PAS4
2020-02-10 14:26:57 -0800,Mouse,Slc32a1-IRES-Cre;Sncg-IRES2-FlpO;Ai65-509355.09.01.02,5000.0,nucleus_present,katherineb,SUCCESS,HIP,CA1,PES4_200210_655_A01,PES4
2020-02-10 14:26:57 -0800,Mouse,Ctgf-T2A-dgCre;Ai14-509689.05.02.01,200.0,nucleus_present,katherineb,SUCCESS,HIP,CA1,PES4_200210_651_A01,PES4
2020-02-10 15:36:04 -0800,Mouse,Slc32a1-IRES-Cre;Sncg-IRES2-FlpO;Ai65-509355.08.01.01,5000.0,nucleus_present,katherineb,SUCCESS,HIP,CA1,PES4_200210_656_A01,PES4
2020-02-11 10:17:35 -0800,Human,H20.03.303.11.55.01.02,20.0,nucleus_absent,katherineb,SUCCESS,TCx,layer 2,PCS4_200211_652_A01,PCS4
2020-02-11 10:17:35 -0800,Human,H20.03.303.11.55.01.01,5000.0,nucleus_present,katherineb,SUCCESS,TCx,layer 3,PCS4_200211_651_A01,PCS4
2020-02-11 10:17:35 -0800,Human,H20.03.303.11.55.01.03,20.0,nucleus_absent,katherineb,SUCCESS,TCx,layer 2,PCS4_200211_653_A01,PCS4
2020-02-11 10:27:34 -0800,Mouse,Ctgf-T2A-dgCre;Ai14-509691.05.01.02,1300.0,nucleus_present,kristenh,SUCCESS,VISp,layer 6b,P1S4_200211_001_A01,P1S4
2020-02-11 10:27:34 -0800,Mouse,Ctgf-T2A-dgCre;Ai14-509691.05.01.04,1500.0,nucleus_present,kristenh,SUCCESS,VISp,layer 6b,P1S4_200211_003_A01,P1S4
2020-02-11 10:27:34 -0800,Mouse,Ctgf-T2A-dgCre;Ai14-509691.05.01.03,3600.0,nucleus_present,kristenh,SUCCESS,VISp,layer 6b,P1S4_200211_002_A01,P1S4
2020-02-11 10:45:48 -0800,Mouse,Ctgf-T2A-dgCre;Ai14-509691.04.02.01,1500.0,nucleus_present,ramr,SUCCESS,VISp,layer 6b,PAS4_200211_451_A01,PAS4
2020-02-11 11:14:01 -0800,Mouse,Ctgf-T2A-dgCre;Ai14-509691.03.02.01,2000.0,nucleus_present,lindsayn,SUCCESS,VISp,layer 6b,P8S4_200211_351_A01,P8S4
2020-02-11 11:14:01 -0800,Mouse,Ctgf-T2A-dgCre;Ai14-509691.03.02.02,2000.0,nucleus_present,lindsayn,SUCCESS,VISp,layer 6b,P8S4_200211_352_A01,P8S4
2020-02-11 11:17:39 -0800,Mouse,Ctgf-T2A-dgCre;Ai14-509691.04.01.01,200.0,nucleus_present,ramr,SUCCESS,VISp,layer 6b,PAS4_200211_452_A01,PAS4
2020-02-11 13:21:55 -0800,Mouse,Slc32a1-IRES-Cre;Sncg-IRES2-FlpO;Ai65-509370.02.02.01,2.8,nucleus_absent,ramr,SUCCESS,HIP,CA1,PAS4_200211_453_A01,PAS4
2020-02-11 13:46:18 -0800,Mouse,Slc32a1-IRES-Cre;Sncg-IRES2-FlpO;Ai65-509370.03.01.02,4500.0,nucleus_present,kristenh,SUCCESS,HIP,CA1,P1S4_200211_004_A01,P1S4
2020-02-11 13:50:40 -0800,Mouse,Slc32a1-IRES-Cre;Sncg-IRES2-FlpO;Ai65-509370.03.02.02,800.0,nucleus_present,lindsayn,SUCCESS,HIP,CA1,P8S4_200211_354_A01,P8S4
2020-02-11 13:50:40 -0800,Mouse,Slc32a1-IRES-Cre;Sncg-IRES2-FlpO;Ai65-509370.03.02.01,2000.0,nucleus_present,lindsayn,SUCCESS,HIP,CA1,P8S4_200211_353_A01,P8S4
2020-02-11 14:58:24 -0800,Mouse,Oxtr-T2A-Cre;Ai14-510022.10.01.01,70.0,nucleus_present,lindsayn,SUCCESS,RSPv,layer 5,P8S4_200211_355_A01,P8S4
2020-02-11 14:58:24 -0800,Mouse,Oxtr-T2A-Cre;Ai14-510022.10.01.02,2000.0,nucleus_present,lindsayn,SUCCESS,RSPv,layer 2/3,P8S4_200211_356_A01,P8S4
