organism_name,name,lims_patch_container,full_genotype,specimen_ID,cell_depth,acsfProductionDate,approach.cellHealth,approach.creCell,approach.pilotName,approach.pilotTest04,approach.sliceHealth,attempt,autoRoi,badSweeps,blankFillDate,date,depth,extraction.endPipetteR,extraction.extractionNotes,extraction.extractionObservations,extraction.nucleus,extraction.postPatch,extraction.pressureApplied,extraction.retractionPressureApplied,extraction.sampleObservations,extraction.timeExtractionEnd,extraction.timeExtractionStart,extraction.timeRetractionEnd,extraction.tubeID,failureNotes,flipped,formVersion,freeFailureNotes,internalFillDate,limsSpecName,manualRoi,qcNotes,recording.humanCellTypePrediction,recording.pipetteR,recording.timeStart,recording.timeWholeCellStart,rigNumber,rigOperator,sliceNotes,sliceQuality,status,successNotes,date_dt,user,roi_major,roi_minor,approach.manualRoi,approach.autoRoi,_merge,patch_container
Mouse,Sst-IRES-Cre;Ai14-416120.04.02.02,P8S4_181001_352_A01,Sst-IRES-Cre/wt;Ai14(RCL-tdT)/wt,416120,45.900000000000006,2018-09-28,3,Cre+,Electroporation,channel recording,2,2.0,"None, None",,2018-09-04,2018-10-01T10:45:14-07:00,45.0,1500.0,,,no,nucleus_present,-40.0,-40.0,,11:42:34-07:00,11:41:11-07:00,11:44:38-07:00,P8S4_181001_352_A01,,Yes,2.0.5,,2018-08-14,Sst-IRES-Cre;Ai14-416120.04.02,VISp5,"C2
froze on channel recording sweep 59 leaks, recovered. re did prepulse. ",,4.7,11:32:15-07:00,11:33:14-07:00,7,lindsayn,,Good,SUCCESS,,2018-10-01,P8,VISp,layer 5,VISp5,,both,P8S4_181001_352_A01
Mouse,Sst-IRES-Cre;Ai14-416120.04.02.01,P8S4_181001_351_A01,Sst-IRES-Cre/wt;Ai14(RCL-tdT)/wt,416120,56.69999999999999,2018-09-28,2,Cre+,Electroporation,channel recording,2,1.0,"None, None",,2018-09-04,2018-10-01T10:45:14-07:00,56.0,1500.0,,,no,nucleus_present,-40.0,-40.0,,11:17:47-07:00,11:14:57-07:00,11:21:55-07:00,P8S4_181001_351_A01,,Yes,2.0.5,,2018-08-14,Sst-IRES-Cre;Ai14-416120.04.02,VISp2/3,,,5.2,11:01:12-07:00,11:02:23-07:00,7,lindsayn,,Good,SUCCESS,Access Resistance Increased,2018-10-01,P8,VISp,layer 2/3,VISp2/3,,both,P8S4_181001_351_A01
Mouse,Crh-IRES-Cre_ZJH;Sst-IRES-FlpO;Ai65-416722.03.01.01,PAS4_181001_451_A01,Crh-IRES-Cre_ZJH/wt;Sst-IRES-FlpO/wt;Ai65(RCFL-tdT)/wt,416722,62.29999999999927,2018-09-28,4,Cre+,None,,3,1.0,"None, None",,2018-09-04,2018-10-01T11:48:00-07:00,62.3,2000.0,,"Fluorescence in Pipette,Cell Dimmed,Cell Swelled",no,nucleus_present,-40.0,-40.0,No Bubbles,12:10:26-07:00,12:09:41-07:00,12:13:42-07:00,PAS4_181001_451_A01,,Yes,2.0.5,,2018-08-14,Crh-IRES-Cre_ZJH;Sst-IRES-FlpO;Ai65-416722.03.01,VISp5,,,4.9,12:03:19-07:00,12:05:28-07:00,1,ramr,#Reportergone,Good,SUCCESS,Ended After C1,2018-10-01,PA,VISp,layer 5,VISp5,,both,PAS4_181001_451_A01
Mouse,Crh-IRES-Cre_ZJH;Sst-IRES-FlpO;Ai65-416722.04.02.01,P8S4_181001_353_A01,Crh-IRES-Cre_ZJH/wt;Sst-IRES-FlpO/wt;Ai65(RCFL-tdT)/wt,416722,38.200000000000045,2018-09-28,4,Cre+,Electroporation,channel recording,3,1.0,"None, None",,2018-09-04,2018-10-01T13:26:42-07:00,38.0,1520.0,,,no,nucleus_present,-35.0,-35.0,,13:41:46-07:00,13:39:57-07:00,13:43:33-07:00,P8S4_181001_353_A01,,Yes,2.0.5,,2018-08-14,Crh-IRES-Cre_ZJH;Sst-IRES-FlpO;Ai65-416722.04.02,VISp2/3,C2,,4.9,13:31:50-07:00,13:32:36-07:00,7,lindsayn,,Good,SUCCESS,,2018-10-01,P8,VISp,layer 2/3,VISp2/3,,both,P8S4_181001_353_A01
Mouse,Crh-IRES-Cre_ZJH;Sst-IRES-FlpO;Ai65-416722.04.02.02,P8S4_181001_354_A01,Crh-IRES-Cre_ZJH/wt;Sst-IRES-FlpO/wt;Ai65(RCFL-tdT)/wt,416722,47.900000000000006,2018-09-28,4,Cre+,Electroporation,channel recording,3,2.0,"None, None",,2018-09-04,2018-10-01T13:26:42-07:00,47.0,1200.0,,,intentionally,nucleus_present,-35.0,-35.0,,14:06:14-07:00,14:04:38-07:00,14:11:56-07:00,P8S4_181001_354_A01,,Yes,2.0.5,,2018-08-14,Crh-IRES-Cre_ZJH;Sst-IRES-FlpO;Ai65-416722.04.02,VISp2/3,"C2
lost channel recording seal after prepulse",,4.4,13:54:40-07:00,13:55:46-07:00,7,lindsayn,,Good,SUCCESS,,2018-10-01,P8,VISp,layer 2/3,VISp2/3,,both,P8S4_181001_354_A01
Mouse,Vip-IRES-Cre;Ai14-417227.03.01.01,PAS4_181001_452_A01,Vip-IRES-Cre/wt;Ai14(RCL-tdT)/wt,417227,69.09999999999854,2018-09-28,3,Cre+,None,,1,3.0,"None, None",,2018-09-04,2018-10-01T14:53:57-07:00,69.1,2000.0,,"Fluorescence in Pipette,Cell Dimmed,Cell Swelled",no,nucleus_present,-40.0,-40.0,No Bubbles,15:40:52-07:00,15:40:30-07:00,15:45:55-07:00,PAS4_181001_452_A01,,Yes,2.0.5,,2018-08-14,Vip-IRES-Cre;Ai14-417227.03.01,VISp4,,,5.8,15:34:38-07:00,15:38:04-07:00,1,ramr,#Health,Good,SUCCESS,"Access Resistance Increased,Ended After C1",2018-10-01,PA,VISp,layer 4,VISp4,,both,PAS4_181001_452_A01
Mouse,Sst-IRES-Cre;Ai14-416134.04.02.02,P8S4_181001_356_A01,Sst-IRES-Cre/wt;Ai14(RCL-tdT)/wt,416134,37.30000000000001,2018-09-28,4,Cre+,None,,3,2.0,"None, None",,2018-09-18,2018-10-01T15:04:39-07:00,37.0,1200.0,,,intentionally,nucleus_present,-40.0,-40.0,,15:43:06-07:00,15:42:06-07:00,15:47:38-07:00,P8S4_181001_356_A01,,Yes,2.0.5,,2018-08-14,Sst-IRES-Cre;Ai14-416134.04.02,VISp5,"C2
seal became too unstable for channel recording",,5.6,15:33:19-07:00,15:34:10-07:00,7,lindsayn,,Good,SUCCESS,Access Resistance Increased,2018-10-01,P8,VISp,layer 5,VISp5,,both,P8S4_181001_356_A01
Mouse,Sst-IRES-Cre;Ai14-416134.04.02.03,P8S4_181001_357_A01,Sst-IRES-Cre/wt;Ai14(RCL-tdT)/wt,416134,35.39999999999998,2018-09-28,3,Cre+,None,,2,4.0,"None, None",,2018-09-18,2018-10-01T15:04:39-07:00,35.0,700.0,,,not_intentionally,nucleus_present,-40.0,-40.0,,16:28:22-07:00,16:18:30-07:00,16:29:07-07:00,P8S4_181001_357_A01,,Yes,2.0.5,,2018-08-14,Sst-IRES-Cre;Ai14-416134.04.02,VISp2/3,C2,,5.9,16:06:08-07:00,16:07:15-07:00,7,lindsayn,,Good,SUCCESS,Access Resistance Increased,2018-10-01,P8,VISp,layer 2/3,VISp2/3,,both,P8S4_181001_357_A01
Mouse,Sst-IRES-Cre;Ai14-416134.04.02.01,P8S4_181001_355_A01,Sst-IRES-Cre/wt;Ai14(RCL-tdT)/wt,416134,36.70000000000002,2018-09-28,4,Cre+,Electroporation,channel recording,3,1.0,"None, None",,2018-09-18,2018-10-01T15:04:39-07:00,36.0,1200.0,,,no,nucleus_present,-40.0,-40.0,,15:21:58-07:00,15:21:12-07:00,15:23:23-07:00,P8S4_181001_355_A01,,Yes,2.0.5,,2018-08-14,Sst-IRES-Cre;Ai14-416134.04.02,VISp5,"C2
froze sweep 21, recovered",,5.5,15:11:09-07:00,15:12:05-07:00,7,lindsayn,,Good,SUCCESS,,2018-10-01,P8,VISp,layer 5,VISp5,,both,P8S4_181001_355_A01
Mouse,Vip-IRES-Cre;Ai14-417227.04.02.01,PAS4_181001_453_A01,Vip-IRES-Cre/wt;Ai14(RCL-tdT)/wt,417227,71.30000000000291,2018-09-28,2,Cre+,None,,2,2.0,"None, None",,2018-09-04,2018-10-01T16:14:50-07:00,71.3,2000.0,,"Cell Dimmed,Cell Swelled",no,nucleus_present,-41.0,-41.0,No Bubbles,16:39:47-07:00,16:39:02-07:00,16:42:54-07:00,PAS4_181001_453_A01,,Yes,2.0.5,,2018-08-14,Vip-IRES-Cre;Ai14-417227.04.02,VISp2/3,Questionable spiking pattern.,,5.1,16:33:35-07:00,16:36:11-07:00,1,ramr,#Schedule,Good,SUCCESS,"Patch/Cell Unstable,Ended After C1",2018-10-01,PA,VISp,layer 2/3,VISp2/3,,both,PAS4_181001_453_A01
Mouse,Vip-IRES-Cre;Ai14-417227.04.02.02,PAS4_181001_454_A01,Vip-IRES-Cre/wt;Ai14(RCL-tdT)/wt,417227,52.400000000001455,2018-09-28,3,Cre+,None,,1,3.0,"None, None",,2018-09-04,2018-10-01T16:14:50-07:00,52.4,3000.0,,"Fluorescence in Pipette,Cell Dimmed,Cell Shrunk",no,nucleus_present,-40.0,-40.0,No Bubbles,17:09:28-07:00,17:08:52-07:00,17:13:39-07:00,PAS4_181001_454_A01,,Yes,2.0.5,,2018-08-14,Vip-IRES-Cre;Ai14-417227.04.02,VISp5,,,4.9,17:00:16-07:00,17:03:46-07:00,1,ramr,#Schedule,Good,SUCCESS,Ended After C1,2018-10-01,PA,VISp,layer 5,VISp5,,both,PAS4_181001_454_A01
,,,,,,2018-10-02,3,Cre+,None,,3,1.0,"None, None",,2018-09-18,2018-10-02T10:28:34-07:00,69.0,50.0,,,not_intentionally,nucleus_absent,-40.0,-40.0,,10:50:09-07:00,10:49:14-07:00,10:50:09-07:00,NA,,Yes,2.0.5,,2018-08-14,Sst-IRES-Cre;Ai14-416125.05.02,VISp4,,,4.5,10:40:44-07:00,10:41:32-07:00,3,dijonh,,Damaged,SUCCESS,,2018-10-02,PB,VISp,layer 4,VISp4,,json_only,NA
Mouse,Sst-IRES-Cre;Ai14-416125.04.02.01,P8S4_181002_351_A01,Sst-IRES-Cre/wt;Ai14(RCL-tdT)/wt,416125,49.900000000000006,2018-10-01,4,Cre+,Electroporation,channel recording,2,2.0,"None, None",,2018-09-18,2018-10-02T10:38:45-07:00,50.0,2000.0,,,no,nucleus_present,-40.0,-40.0,,11:05:56-07:00,11:04:12-07:00,11:08:17-07:00,P8S4_181002_351_A01,,Yes,2.0.5,,2018-08-14,Sst-IRES-Cre;Ai14-416125.04.02,VISp5,"C2
froze sweep 99 leaks, recovered. weird noise in last leaks",,4.4,10:55:14-07:00,10:56:21-07:00,7,lindsayn,,Good,SUCCESS,,2018-10-02,P8,VISp,layer 5,VISp5,,both,P8S4_181002_351_A01
Mouse,Sst-IRES-Cre;Ai14-416125.05.01.02,PAS4_181002_452_A01,Sst-IRES-Cre/wt;Ai14(RCL-tdT)/wt,416125,61.5,2018-10-01,1,Cre+,None,,2,2.0,"None, None",,2018-09-18,2018-10-02T10:46:57-07:00,61.5,200.0,Partial nucleated and alexa fill leaking.,"Cell Dimmed,Cell Shrunk",not_intentionally,nucleus_present,-15.0,-15.0,No Bubbles,11:39:44-07:00,11:39:36-07:00,11:41:51-07:00,PAS4_181002_452_A01,,Yes,2.0.5,,2018-08-14,Sst-IRES-Cre;Ai14-416125.05.01,VISp4,Reran sweeps at -48 pA holding. Leak upto -50 pA.,,4.3,11:31:10-07:00,11:32:50-07:00,1,ramr,#Health. Many dead cells and WOD covered slice in 1 hour.,'Wave of Death',SUCCESS,"Patch/Cell Unstable,Patch Became Leaky,Cell Depolarized,Ended After C1,'Wave of Death'",2018-10-02,PA,VISp,layer 4,VISp4,,both,PAS4_181002_452_A01
Mouse,Sst-IRES-Cre;Ai14-416125.05.01.01,PAS4_181002_451_A01,Sst-IRES-Cre/wt;Ai14(RCL-tdT)/wt,416125,43.79999999999927,2018-10-01,2,Cre+,None,,2,1.0,"None, None",,2018-09-18,2018-10-02T10:46:57-07:00,43.8,1000.0,,"Cell Dimmed,Cell Shrunk",not_intentionally,nucleus_present,-40.0,-40.0,No Bubbles,11:12:06-07:00,11:11:49-07:00,11:15:02-07:00,PAS4_181002_451_A01,,Yes,2.0.5,,2018-08-14,Sst-IRES-Cre;Ai14-416125.05.01,VISp2/3,APs barely cross zero. Questionable ramp sweep because access resistance increased.,,5.0,11:04:06-07:00,11:06:14-07:00,1,ramr,#Health. Many dead cells and WOD covered slice in 1 hour.,'Wave of Death',SUCCESS,"Access Resistance Increased,Ended After C1",2018-10-02,PA,VISp,layer 2/3,VISp2/3,,both,PAS4_181002_451_A01
Mouse,Sst-IRES-Cre;Ai14-416125.06.02.02,PBS4_181002_502_A01,Sst-IRES-Cre/wt;Ai14(RCL-tdT)/wt,416125,87.39999999999964,2018-10-01,4,Cre+,None,,4,2.0,"None, None",,2018-09-18,2018-10-02T11:44:36-07:00,87.0,1000.0,,,no,nucleus_present,-30.0,-30.0,,12:10:04-07:00,12:09:01-07:00,12:10:04-07:00,PBS4_181002_502_A01,,Yes,2.0.5,,2018-08-14,Sst-IRES-Cre;Ai14-416125.06.02,VISp4,,,3.0,12:03:23-07:00,12:05:04-07:00,3,dijonh,,Good,SUCCESS,,2018-10-02,PB,VISp,layer 4,VISp4,,both,PBS4_181002_502_A01
Mouse,Sst-IRES-Cre;Ai14-416125.06.02.03,PBS4_181002_503_A01,Sst-IRES-Cre/wt;Ai14(RCL-tdT)/wt,416125,63.20000000000073,2018-10-01,3,Cre+,None,,4,3.0,"None, None",,2018-09-18,2018-10-02T11:44:36-07:00,63.0,200.0,,,not_intentionally,nucleus_present,-27.0,-27.0,,12:23:01-07:00,12:20:53-07:00,12:23:01-07:00,PBS4_181002_503_A01,,Yes,2.0.5,,2018-08-14,Sst-IRES-Cre;Ai14-416125.06.02,VISp6a,,,3.4,12:15:46-07:00,12:16:49-07:00,3,dijonh,,Good,SUCCESS,,2018-10-02,PB,VISp,layer 6a,VISp6a,,both,PBS4_181002_503_A01
Mouse,Sst-IRES-Cre;Ai14-416125.06.02.01,PBS4_181002_501_A01,Sst-IRES-Cre/wt;Ai14(RCL-tdT)/wt,416125,54.0,2018-10-01,4,Cre+,None,,4,1.0,"None, None",,2018-09-18,2018-10-02T11:44:36-07:00,54.0,234.0,,,not_intentionally,nucleus_present,-24.0,-24.0,,11:55:59-07:00,11:54:56-07:00,11:55:59-07:00,PBS4_181002_501_A01,,Yes,2.0.5,,2018-08-14,Sst-IRES-Cre;Ai14-416125.06.02,VISp4,,,3.5,11:48:48-07:00,11:51:01-07:00,3,dijonh,,Good,SUCCESS,,2018-10-02,PB,VISp,layer 4,VISp4,,both,PBS4_181002_501_A01
Mouse,Sst-IRES-Cre;Ai14-416125.06.02.04,PBS4_181002_504_A01,Sst-IRES-Cre/wt;Ai14(RCL-tdT)/wt,416125,44.70000000000073,2018-10-01,3,Cre+,None,,4,4.0,"None, None",,2018-09-18,2018-10-02T11:44:36-07:00,45.0,1400.0,,,no,nucleus_present,-33.0,-33.0,,12:33:06-07:00,12:32:49-07:00,12:33:06-07:00,PBS4_181002_504_A01,,Yes,2.0.5,,2018-08-14,Sst-IRES-Cre;Ai14-416125.06.02,VISp5,,,3.3,12:26:58-07:00,12:28:51-07:00,3,dijonh,,Good,SUCCESS,,2018-10-02,PB,VISp,layer 5,VISp5,,both,PBS4_181002_504_A01
Mouse,Vip-IRES-Cre;Ai14-416870.04.01.01,PAS4_181002_453_A01,Vip-IRES-Cre/wt;Ai14(RCL-tdT)/wt,416870,48.29999999999927,2018-10-01,3,Cre+,None,,2,1.0,"None, None",,2018-09-18,2018-10-02T12:09:53-07:00,48.3,1500.0,,"Cell Dimmed,Cell Swelled",not_intentionally,nucleus_present,-35.0,-35.0,No Bubbles,12:43:10-07:00,12:42:43-07:00,12:46:44-07:00,PAS4_181002_453_A01,,Yes,2.0.5,,2018-08-14,Vip-IRES-Cre;Ai14-416870.04.01,VISp2/3,,,4.1,12:36:51-07:00,12:39:30-07:00,1,ramr,#Health. WOD covered slice in 45 min.,'Wave of Death',SUCCESS,"Cell Hyperpolarized,Ended After C1",2018-10-02,PA,VISp,layer 2/3,VISp2/3,,both,PAS4_181002_453_A01
Mouse,Sst-IRES-Cre;Ai14-416135.04.02.01,P8S4_181002_352_A01,Sst-IRES-Cre/wt;Ai14(RCL-tdT)/wt,416135,37.30000000000001,2018-10-01,5,Cre+,None,,4,1.0,"None, None",,2018-09-18,2018-10-02T12:32:38-07:00,37.0,1000.0,,,no,nucleus_present,-40.0,-40.0,,12:47:42-07:00,12:46:02-07:00,12:51:41-07:00,P8S4_181002_352_A01,,Yes,2.0.5,,2018-08-14,Sst-IRES-Cre;Ai14-416135.04.02,VISp6a,"C2
seal too unstable for channel recording",,4.2,12:36:48-07:00,12:37:35-07:00,7,lindsayn,,Good,SUCCESS,,2018-10-02,P8,VISp,layer 6a,VISp6a,,both,P8S4_181002_352_A01
Mouse,Sst-IRES-Cre;Ai14-416135.04.02.02,P8S4_181002_353_A01,Sst-IRES-Cre/wt;Ai14(RCL-tdT)/wt,416135,40.099999999999994,2018-10-01,5,Cre+,Electroporation,channel recording,4,2.0,"None, None",,2018-09-18,2018-10-02T12:32:38-07:00,40.0,2000.0,,,no,nucleus_present,-40.0,-40.0,,13:12:05-07:00,13:10:08-07:00,13:15:54-07:00,P8S4_181002_353_A01,,Yes,2.0.5,,2018-08-14,Sst-IRES-Cre;Ai14-416135.04.02,VISp5,"C2
froze sweep 91 leaks, recovered but only ran 5 leaks",,4.9,13:01:26-07:00,13:02:15-07:00,7,lindsayn,,Good,SUCCESS,,2018-10-02,P8,VISp,layer 5,VISp5,,both,P8S4_181002_353_A01
Mouse,Sst-IRES-Cre;Ai14-416135.04.01.01,P1S4_181002_001_A01,Sst-IRES-Cre/wt;Ai14(RCL-tdT)/wt,416135,54.79999999999927,2018-10-01,3,Cre+,None,,4,1.0,"None, None",,2018-09-18,2018-10-02T12:42:39-07:00,54.8,3500.0,,"Fluorescence in Pipette,Cell Dimmed",no,nucleus_present,-30.0,-30.0,No Bubbles,13:03:43-07:00,13:03:00-07:00,13:05:11-07:00,P1S4_181002_001_A01,,Yes,2.0.5,,2018-08-14,Sst-IRES-Cre;Ai14-416135.04.01,VISp5,,,4.9,12:50:16-07:00,12:51:32-07:00,4,kristenh,,Good,SUCCESS,,2018-10-02,P1,VISp,layer 5,VISp5,,both,P1S4_181002_001_A01
Mouse,Sst-IRES-Cre;Ai14-416135.04.01.04,P1S4_181002_002_A01,Sst-IRES-Cre/wt;Ai14(RCL-tdT)/wt,416135,49.70000000000073,2018-10-01,4,Cre+,None,,2,6.0,"None, None",,2018-09-18,2018-10-02T12:42:39-07:00,49.7,2500.0,,Cell Dimmed,no,nucleus_present,-30.0,-30.0,Small Bubbles,13:55:11-07:00,13:54:38-07:00,13:56:49-07:00,P1S4_181002_002_A01,,Yes,2.0.5,,2018-08-14,Sst-IRES-Cre;Ai14-416135.04.01,VISp4,,,5.0,13:47:30-07:00,13:48:31-07:00,4,kristenh,,Good,SUCCESS,,2018-10-02,P1,VISp,layer 4,VISp4,,both,P1S4_181002_002_A01
,,,,,,2018-10-01,3,Cre+,None,,3,5.0,"None, None",,2018-09-18,2018-10-02T12:42:39-07:00,46.5,200.0,,"Fluorescence in Pipette,Cell Dimmed",no,nucleus_absent,-30.0,-30.0,,13:40:38-07:00,13:39:16-07:00,13:42:07-07:00,NA,,Yes,2.0.5,,2018-08-14,Sst-IRES-Cre;Ai14-416135.04.01,VISp5,,,5.7,13:35:10-07:00,13:36:34-07:00,4,kristenh,,Good,SUCCESS,,2018-10-02,P1,VISp,layer 5,VISp5,,json_only,NA
,,,,,,2018-10-01,4,Cre+,None,,3,3.0,"None, None",,2018-09-18,2018-10-02T12:42:39-07:00,64.9,500.0,,Fluorescence in Pipette,no,nucleus_absent,-30.0,-30.0,,13:23:04-07:00,13:22:08-07:00,13:25:02-07:00,NA,,Yes,2.0.5,,2018-08-14,Sst-IRES-Cre;Ai14-416135.04.01,VISp5,,,6.0,13:18:00-07:00,13:18:48-07:00,4,kristenh,,Good,SUCCESS,,2018-10-02,P1,VISp,layer 5,VISp5,,json_only,NA
Mouse,Vip-IRES-Cre;Ai14-416870.05.02.03,PBS4_181002_507_A01,Vip-IRES-Cre/wt;Ai14(RCL-tdT)/wt,416870,54.600000000000364,2018-10-01,3,Cre+,None,,2,3.0,"None, None",,2018-09-18,2018-10-02T12:49:37-07:00,55.0,2000.0,,,no,nucleus_present,-26.0,-26.0,,13:43:44-07:00,13:42:25-07:00,13:43:45-07:00,PBS4_181002_507_A01,,Yes,2.0.5,,2018-08-14,Vip-IRES-Cre;Ai14-416870.05.02,VISp4,,,3.8,13:33:08-07:00,13:35:01-07:00,3,dijonh,,Good,SUCCESS,,2018-10-02,PB,VISp,layer 4,VISp4,,both,PBS4_181002_507_A01
Mouse,Vip-IRES-Cre;Ai14-416870.05.02.01,PBS4_181002_505_A01,Vip-IRES-Cre/wt;Ai14(RCL-tdT)/wt,416870,79.10000000000036,2018-10-01,3,Cre+,None,,3,1.0,"None, None",,2018-09-18,2018-10-02T12:49:37-07:00,80.0,1800.0,,,not_intentionally,nucleus_present,-30.0,-30.0,,13:07:02-07:00,13:02:37-07:00,13:07:02-07:00,PBS4_181002_505_A01,,Yes,2.0.5,,2018-08-14,Vip-IRES-Cre;Ai14-416870.05.02,VISp4,,,3.3,12:51:38-07:00,12:52:38-07:00,3,dijonh,,Good,SUCCESS,,2018-10-02,PB,VISp,layer 4,VISp4,,both,PBS4_181002_505_A01
Mouse,Vip-IRES-Cre;Ai14-416870.05.02.02,PBS4_181002_506_A01,Vip-IRES-Cre/wt;Ai14(RCL-tdT)/wt,416870,69.10000000000036,2018-10-01,3,Cre+,None,,2,2.0,"None, None",,2018-09-18,2018-10-02T12:49:37-07:00,69.0,777.0,,,no,nucleus_present,-33.0,-33.0,,13:24:47-07:00,13:24:06-07:00,13:24:47-07:00,PBS4_181002_506_A01,,Yes,2.0.5,,2018-08-14,Vip-IRES-Cre;Ai14-416870.05.02,VISp2/3,,,3.0,13:16:19-07:00,13:17:02-07:00,3,dijonh,,Good,SUCCESS,,2018-10-02,PB,VISp,layer 2/3,VISp2/3,,both,PBS4_181002_506_A01
Mouse,Vip-IRES-Cre;Ai14-417228.04.01.01,PAS4_181002_454_A01,Vip-IRES-Cre/wt;Ai14(RCL-tdT)/wt,417228,63.30000000000291,2018-10-01,3,Cre+,None,,2,1.0,"None, None",,2018-09-18,2018-10-02T14:01:35-07:00,63.3,1000.0,,"Fluorescence in Pipette,Cell Dimmed,Cell Swelled",no,nucleus_present,-40.0,-40.0,No Bubbles,14:26:34-07:00,14:26:03-07:00,14:29:46-07:00,PAS4_181002_454_A01,,Yes,2.0.5,,2018-08-14,Vip-IRES-Cre;Ai14-417228.04.01,VISp2/3,Questionable spiking pattern.,,4.9,14:20:24-07:00,14:22:54-07:00,1,ramr,"#Health, WOD covered slice in 45 min.",'Wave of Death',SUCCESS,Ended After C1,2018-10-02,PA,VISp,layer 2/3,VISp2/3,,both,PAS4_181002_454_A01
Human,H18.06.364x.11.01.02,PXS4_181002_355_A01,,H18.06.364x,39.69999999999999,2018-10-01,2,Cre+,None,,3,2.0,"None, None",,2018-09-18,2018-10-02T14:30:56-07:00,39.0,2000.0,,,no,nucleus_present,-40.0,-40.0,,15:11:40-07:00,15:10:35-07:00,15:13:03-07:00,PXS4_181002_355_A01,,Yes,2.0.5,,2018-08-14,H18.06.364x.11.01,TCx3,"Ephys did not pass QC, but collected as much as I could.
Green",Unknown Interneuron,4.1,14:59:15-07:00,15:01:07-07:00,7,lindsayn,Human viral culture,Good,SUCCESS,,2018-10-02,P8,TCx,layer 3,TCx3,,both,PXS4_181002_355_A01
Human,H18.06.364x.11.01.04,PXS4_181002_357_A01,,H18.06.364x,44.79999999999998,2018-10-01,5,Cre+,None,,3,4.0,"None, None",,2018-09-18,2018-10-02T14:30:56-07:00,44.0,3000.0,,,no,nucleus_present,-50.0,-50.0,,15:55:25-07:00,15:52:11-07:00,15:59:25-07:00,PXS4_181002_357_A01,,Yes,2.0.5,,2018-08-14,H18.06.364x.11.01,TCx3,"QC pass
Green
Was labeled in green but ephys could be pyramidal, hard to say
",Unknown,4.8,15:46:13-07:00,15:48:03-07:00,7,lindsayn,Human viral culture,Good,SUCCESS,,2018-10-02,P8,TCx,layer 3,TCx3,,both,PXS4_181002_357_A01
Human,H18.06.364x.11.01.05,PXS4_181002_358_A01,,H18.06.364x,31.19999999999999,2018-10-01,2,Cre+,None,,3,5.0,"None, None",,2018-09-18,2018-10-02T14:30:56-07:00,31.0,200.0,cell became very shriveled,Cell Shrunk,no,nucleus_absent,-40.0,-40.0,,16:26:11-07:00,16:23:03-07:00,16:27:13-07:00,PXS4_181002_358_A01,,Yes,2.0.5,,2018-08-14,H18.06.364x.11.01,TCx3,"Ephys did not pass QC, but collected as much as I could.
Green",,5.1,16:13:04-07:00,16:13:48-07:00,7,lindsayn,Human viral culture,Good,SUCCESS,,2018-10-02,P8,TCx,layer 3,TCx3,,both,PXS4_181002_358_A01
Human,H18.06.364x.11.01.01,PXS4_181002_354_A01,,H18.06.364x,31.100000000000023,2018-10-01,3,Cre+,None,,3,1.0,"None, None",,2018-09-18,2018-10-02T14:30:56-07:00,31.0,2000.0,,,no,nucleus_present,-50.0,-50.0,,14:49:28-07:00,14:48:02-07:00,14:50:52-07:00,PXS4_181002_354_A01,,Yes,2.0.5,,2018-08-14,H18.06.364x.11.01,TCx3,"QC pass
green",Unknown Interneuron,4.6,14:39:49-07:00,14:41:57-07:00,7,lindsayn,Human viral culture,Good,SUCCESS,,2018-10-02,P8,TCx,layer 3,TCx3,,both,PXS4_181002_354_A01
Human,H18.06.364x.11.01.03,PXS4_181002_356_A01,,H18.06.364x,38.5,2018-10-01,3,Cre+,None,,3,3.0,"None, None",,2018-09-18,2018-10-02T14:30:56-07:00,38.0,3000.0,,,no,nucleus_present,-45.0,-45.0,,15:35:09-07:00,15:33:54-07:00,15:37:06-07:00,PXS4_181002_356_A01,,Yes,2.0.5,,2018-08-14,H18.06.364x.11.01,TCx3,"QC pass
green",Unknown Interneuron,4.3,15:24:30-07:00,15:25:41-07:00,7,lindsayn,Human viral culture,Good,SUCCESS,,2018-10-02,P8,TCx,layer 3,TCx3,,both,PXS4_181002_356_A01
Mouse,Sst-IRES-Cre;Ai14-416135.03.01.02,PBS4_181002_508_A01,Sst-IRES-Cre/wt;Ai14(RCL-tdT)/wt,416135,58.29999999999927,2018-10-01,4,Cre+,None,,3,3.0,"None, None",,2018-09-18,2018-10-02T14:58:40-07:00,58.0,2500.0,,,no,nucleus_present,-30.0,-30.0,,15:35:00-07:00,15:33:54-07:00,15:35:01-07:00,PBS4_181002_508_A01,,Yes,2.0.5,,2018-08-14,Sst-IRES-Cre;Ai14-416135.03.01,VISp4,,,3.0,15:28:10-07:00,15:29:39-07:00,3,dijonh,,Good,SUCCESS,,2018-10-02,PB,VISp,layer 4,VISp4,,both,PBS4_181002_508_A01
Mouse,Sst-IRES-Cre;Ai14-416135.03.01.03,PBS4_181002_509_A01,Sst-IRES-Cre/wt;Ai14(RCL-tdT)/wt,416135,65.0,2018-10-01,2,Cre+,None,,3,4.0,"None, None",,2018-09-18,2018-10-02T14:58:40-07:00,65.0,850.0,,,no,nucleus_present,-27.0,-27.0,,15:51:33-07:00,15:49:50-07:00,15:51:33-07:00,PBS4_181002_509_A01,,Yes,2.0.5,,2018-08-14,Sst-IRES-Cre;Ai14-416135.03.01,VISp2/3,INBATH sweep failed kept recording bc the cell is healthy,,3.0,15:41:24-07:00,15:45:05-07:00,3,dijonh,,Good,SUCCESS,,2018-10-02,PB,VISp,layer 2/3,VISp2/3,,both,PBS4_181002_509_A01
Mouse,Sst-IRES-Cre;Ai14-416135.03.01.04,PBS4_181002_510_A01,Sst-IRES-Cre/wt;Ai14(RCL-tdT)/wt,416135,63.399999999999636,2018-10-01,4,Cre+,None,,3,6.0,"None, None",,2018-09-18,2018-10-02T14:58:40-07:00,63.0,1400.0,,,no,nucleus_present,-24.0,-24.0,,16:10:31-07:00,16:08:20-07:00,16:10:31-07:00,PBS4_181002_510_A01,,Yes,2.0.5,,2018-08-14,Sst-IRES-Cre;Ai14-416135.03.01,VISp5,,,3.2,16:02:46-07:00,16:04:48-07:00,3,dijonh,,Good,SUCCESS,,2018-10-02,PB,VISp,layer 5,VISp5,,both,PBS4_181002_510_A01
,,,,,,2018-10-01,2,Cre+,None,,4,2.0,"None, None",,2018-09-18,2018-10-02T14:58:40-07:00,57.0,7.0,,,not_intentionally,nucleus_absent,-27.0,-27.0,,15:21:53-07:00,15:20:51-07:00,15:21:54-07:00,NA,,Yes,2.0.5,,2018-08-14,Sst-IRES-Cre;Ai14-416135.03.01,VISp5,,,3.7,15:11:50-07:00,15:15:55-07:00,3,dijonh,,Good,SUCCESS,,2018-10-02,PB,VISp,layer 5,VISp5,,json_only,NA
,,,,,,2018-10-01,3,Cre+,None,,2,1.0,"None, None",,2018-09-18,2018-10-02T15:04:38-07:00,62.7,4.2,No seal and alexa fill leaking.,"Cell Dimmed,Cell Swelled",no,nucleus_absent,-40.0,-40.0,No Bubbles,15:19:58-07:00,15:19:33-07:00,15:28:31-07:00,NA,,Yes,2.0.5,,2018-08-14,Vip-IRES-Cre;Ai14-417228.05.02,VISp2/3,Questionable spiking pattern.,,5.3,15:13:24-07:00,15:15:20-07:00,1,ramr,#Schedule,Good,SUCCESS,Ended After C1,2018-10-02,PA,VISp,layer 2/3,VISp2/3,,json_only,NA
Mouse,Vip-IRES-Cre;Ai14-417228.04.02.02,PBS4_181002_512_A01,Vip-IRES-Cre/wt;Ai14(RCL-tdT)/wt,417228,87.39999999999964,2018-10-01,2,Cre+,None,,2,3.0,"None, None",,2018-09-18,2018-10-02T16:55:09-07:00,87.0,385.0,,,intentionally,nucleus_present,-24.0,-24.0,,17:34:50-07:00,17:33:02-07:00,17:34:51-07:00,PBS4_181002_512_A01,,Yes,2.0.5,,2018-08-14,Vip-IRES-Cre;Ai14-417228.04.02,VISp4,INBATH sweep failed,,3.0,17:24:54-07:00,17:28:08-07:00,3,dijonh,,'Wave of Death',SUCCESS,,2018-10-02,PB,VISp,layer 4,VISp4,,both,PBS4_181002_512_A01
Mouse,Vip-IRES-Cre;Ai14-417228.04.02.03,PBS4_181002_513_A01,Vip-IRES-Cre/wt;Ai14(RCL-tdT)/wt,417228,81.39999999999964,2018-10-01,3,Cre+,None,,2,4.0,"None, None",,2018-09-18,2018-10-02T16:55:09-07:00,81.0,1000.0,,,no,nucleus_present,-30.0,-30.0,,17:49:31-07:00,17:48:32-07:00,17:49:31-07:00,PBS4_181002_513_A01,,Yes,2.0.5,,2018-08-14,Vip-IRES-Cre;Ai14-417228.04.02,VISp4,,,3.2,17:39:55-07:00,17:42:10-07:00,3,dijonh,,'Wave of Death',SUCCESS,,2018-10-02,PB,VISp,layer 4,VISp4,,both,PBS4_181002_513_A01
Mouse,Vip-IRES-Cre;Ai14-417228.04.02.01,PBS4_181002_511_A01,Vip-IRES-Cre/wt;Ai14(RCL-tdT)/wt,417228,64.5,2018-10-01,2,Cre+,None,,3,1.0,"None, None",,2018-09-18,2018-10-02T16:55:09-07:00,65.0,86.0,,,not_intentionally,nucleus_present,-20.0,-20.0,,17:06:36-07:00,17:04:50-07:00,17:06:37-07:00,PBS4_181002_511_A01,,Yes,2.0.5,,2018-08-14,Vip-IRES-Cre;Ai14-417228.04.02,VISp5,,,2.0,16:59:22-07:00,17:01:07-07:00,3,dijonh,,'Wave of Death',SUCCESS,,2018-10-02,PB,VISp,layer 5,VISp5,,both,PBS4_181002_511_A01
Mouse,Sst-IRES-Cre;Ai14-416135.05.01.01,PBS4_181002_514_A01,Sst-IRES-Cre/wt;Ai14(RCL-tdT)/wt,416135,61.30000000000109,2018-10-01,4,Cre+,None,,4,1.0,"None, None",,2018-09-18,2018-10-02T18:02:55-07:00,62.0,405.0,,,no,nucleus_present,-27.0,-27.0,,18:34:03-07:00,18:32:45-07:00,18:34:03-07:00,PBS4_181002_514_A01,,No,2.0.5,,2018-08-14,Sst-IRES-Cre;Ai14-416135.05.01,VISp4,,,4.3,18:14:42-07:00,18:17:50-07:00,3,dijonh,,Good,SUCCESS,,2018-10-02,PB,VISp,layer 4,VISp4,,both,PBS4_181002_514_A01
Mouse,Sst-IRES-Cre;Ai14-416135.05.01.02,PBS4_181002_515_A01,Sst-IRES-Cre/wt;Ai14(RCL-tdT)/wt,416135,64.0,2018-10-01,3,Cre+,None,,2,2.0,"None, None",,2018-09-18,2018-10-02T18:02:55-07:00,64.0,1600.0,,,no,nucleus_present,-32.0,-32.0,,18:51:20-07:00,18:50:19-07:00,18:51:22-07:00,PBS4_181002_515_A01,,No,2.0.5,,2018-08-14,Sst-IRES-Cre;Ai14-416135.05.01,VISp5,,,3.2,18:43:02-07:00,18:45:19-07:00,3,dijonh,,Good,SUCCESS,,2018-10-02,PB,VISp,layer 5,VISp5,,both,PBS4_181002_515_A01
Mouse,Sst-IRES-Cre;Ai14-416135.05.01.03,PBS4_181002_516_A01,Sst-IRES-Cre/wt;Ai14(RCL-tdT)/wt,416135,57.5,2018-10-01,2,Cre+,None,,2,3.0,"None, None",,2018-09-18,2018-10-02T18:02:55-07:00,58.0,450.0,,,no,nucleus_present,-30.0,-30.0,,19:03:57-07:00,19:02:56-07:00,19:03:58-07:00,PBS4_181002_516_A01,,No,2.0.5,,2018-08-14,Sst-IRES-Cre;Ai14-416135.05.01,VISp4,,,3.6,18:55:58-07:00,18:57:51-07:00,3,dijonh,,Good,SUCCESS,,2018-10-02,PB,VISp,layer 4,VISp4,,both,PBS4_181002_516_A01
Mouse,Sst-IRES-Cre;Ai14-416131.05.01.01,PAS4_181003_451_A01,Sst-IRES-Cre/wt;Ai14(RCL-tdT)/wt,416131,63.60000000000218,2018-10-02,3,Cre+,None,,3,1.0,"None, None",,2018-09-18,2018-10-03T09:51:24-07:00,63.6,2000.0,,"Fluorescence in Pipette,Cell Dimmed,Cell Swelled",no,nucleus_present,-40.0,-40.0,No Bubbles,10:08:50-07:00,10:08:23-07:00,10:13:54-07:00,PAS4_181003_451_A01,,Yes,2.0.5,,2018-08-14,Sst-IRES-Cre;Ai14-416131.05.01,VISp2/3,,,5.5,10:03:18-07:00,10:05:33-07:00,1,ramr,#Health(WOD covered slice in 80 min),'Wave of Death',SUCCESS,Ended After C1,2018-10-03,PA,VISp,layer 2/3,VISp2/3,,both,PAS4_181003_451_A01
Mouse,Sst-IRES-Cre;Ai14-416131.05.01.04,PAS4_181003_454_A01,Sst-IRES-Cre/wt;Ai14(RCL-tdT)/wt,416131,49.39999999999782,2018-10-02,3,Cre+,None,,1,4.0,"None, None","4-5, 40",2018-09-18,2018-10-03T09:51:24-07:00,49.4,1000.0,,"Fluorescence in Pipette,Cell Dimmed,Cell Swelled",no,nucleus_present,-35.0,-35.0,No Bubbles,11:11:57-07:00,11:11:05-07:00,11:16:18-07:00,PAS4_181003_454_A01,,Yes,2.0.5,,2018-08-14,Sst-IRES-Cre;Ai14-416131.05.01,VISp2/3,X7 sweep APs not firing.,,6.5,11:01:25-07:00,11:05:55-07:00,1,ramr,#Health(WOD covered slice in 80 min),'Wave of Death',SUCCESS,"Patch/Cell Unstable,Cell Depolarized,Ended After C1,'Wave of Death'",2018-10-03,PA,VISp,layer 2/3,VISp2/3,,both,PAS4_181003_454_A01
Mouse,Sst-IRES-Cre;Ai14-416131.05.01.02,PAS4_181003_452_A01,Sst-IRES-Cre/wt;Ai14(RCL-tdT)/wt,416131,62.900000000001455,2018-10-02,4,Cre+,None,,3,2.0,"None, None",6,2018-09-18,2018-10-03T09:51:24-07:00,62.9,1000.0,,"Fluorescence in Pipette,Cell Dimmed,Cell Swelled",no,nucleus_present,-40.0,-40.0,No Bubbles,10:27:32-07:00,10:26:43-07:00,10:33:43-07:00,PAS4_181003_452_A01,,Yes,2.0.5,,2018-08-14,Sst-IRES-Cre;Ai14-416131.05.01,VISp6a,,,6.1,10:22:20-07:00,10:23:33-07:00,1,ramr,#Health(WOD covered slice in 80 min),'Wave of Death',SUCCESS,Ended After C1,2018-10-03,PA,VISp,layer 6a,VISp6a,,both,PAS4_181003_452_A01
Mouse,Sst-IRES-Cre;Ai14-416131.05.01.03,PAS4_181003_453_A01,Sst-IRES-Cre/wt;Ai14(RCL-tdT)/wt,416131,44.20000000000073,2018-10-02,4,Cre+,None,,3,3.0,"None, None",,2018-09-18,2018-10-03T09:51:24-07:00,44.2,1000.0,,"Cell Dimmed,Cell Swelled",not_intentionally,nucleus_present,-25.0,-25.0,No Bubbles,10:48:22-07:00,10:47:53-07:00,10:50:27-07:00,PAS4_181003_453_A01,,Yes,2.0.5,,2018-08-14,Sst-IRES-Cre;Ai14-416131.05.01,VISp6a,,,5.9,10:43:32-07:00,10:45:23-07:00,1,ramr,#Health(WOD covered slice in 80 min),'Wave of Death',SUCCESS,"Access Resistance Increased,Ended After C1",2018-10-03,PA,VISp,layer 6a,VISp6a,,both,PAS4_181003_453_A01
Mouse,Sst-IRES-Cre;Ai14-416131.04.01.04,P1S4_181003_003_A01,Sst-IRES-Cre/wt;Ai14(RCL-tdT)/wt,416131,33.29999999999927,2018-10-02,4,Cre+,None,,3,6.0,"None, None",,2018-09-18,2018-10-03T10:00:17-07:00,33.3,1700.0,,"Fluorescence in Pipette,Cell Dimmed",no,nucleus_present,-30.0,-30.0,,11:19:42-07:00,11:16:40-07:00,11:20:47-07:00,P1S4_181003_003_A01,,Yes,2.0.5,,2018-08-14,Sst-IRES-Cre;Ai14-416131.04.01,VISp4,,,4.8,11:09:59-07:00,11:10:52-07:00,4,kristenh,,Good,SUCCESS,,2018-10-03,P1,VISp,layer 4,VISp4,,both,P1S4_181003_003_A01
Mouse,Sst-IRES-Cre;Ai14-416131.04.01.01,P1S4_181003_001_A01,Sst-IRES-Cre/wt;Ai14(RCL-tdT)/wt,416131,51.79999999999927,2018-10-02,4,Cre+,None,,4,1.0,"None, None",,2018-09-18,2018-10-03T10:00:17-07:00,51.8,1500.0,,Fluorescence in Pipette,no,nucleus_present,-30.0,-30.0,Small Bubbles,10:14:06-07:00,10:12:56-07:00,10:15:22-07:00,P1S4_181003_001_A01,,Yes,2.0.5,,2018-08-14,Sst-IRES-Cre;Ai14-416131.04.01,VISp6a,,,6.4,10:08:40-07:00,10:09:25-07:00,4,kristenh,,Good,SUCCESS,,2018-10-03,P1,VISp,layer 6a,VISp6a,,both,P1S4_181003_001_A01
,,,,,,2018-10-02,4,Cre+,None,,3,7.0,"None, None",,2018-09-18,2018-10-03T10:00:17-07:00,71.0,500.0,,Cell Dimmed,no,nucleus_absent,-35.0,-30.0,,11:40:15-07:00,11:38:07-07:00,11:41:29-07:00,NA,,Yes,2.0.5,,2018-08-14,Sst-IRES-Cre;Ai14-416131.04.01,VISp2/3,,,4.0,11:33:18-07:00,11:34:41-07:00,4,kristenh,,Good,SUCCESS,,2018-10-03,P1,VISp,layer 2/3,VISp2/3,,json_only,NA
Mouse,Sst-IRES-Cre;Ai14-416131.04.01.03,P1S4_181003_002_A01,Sst-IRES-Cre/wt;Ai14(RCL-tdT)/wt,416131,32.600000000000364,2018-10-02,5,Cre+,None,,3,5.0,"None, None",,2018-09-18,2018-10-03T10:00:17-07:00,32.6,3000.0,,Fluorescence in Pipette,no,nucleus_present,-30.0,-30.0,No Bubbles,11:02:33-07:00,11:01:55-07:00,11:04:07-07:00,P1S4_181003_002_A01,,Yes,2.0.5,,2018-08-14,Sst-IRES-Cre;Ai14-416131.04.01,VISp6a,,,5.9,10:57:20-07:00,10:57:57-07:00,4,kristenh,,Good,SUCCESS,,2018-10-03,P1,VISp,layer 6a,VISp6a,,both,P1S4_181003_002_A01
,,,,,,2018-10-02,4,Cre+,None,,3,4.0,"None, None",,2018-09-18,2018-10-03T10:00:17-07:00,53.4,4.0,,Fluorescence in Pipette,no,nucleus_absent,-30.0,-30.0,,10:51:27-07:00,10:50:06-07:00,10:52:52-07:00,NA,,Yes,2.0.5,,2018-08-14,Sst-IRES-Cre;Ai14-416131.04.01,VISp4,,,5.6,10:45:33-07:00,10:46:27-07:00,4,kristenh,,Good,SUCCESS,,2018-10-03,P1,VISp,layer 4,VISp4,,json_only,NA
,,,,,,2018-10-02,4,Cre+,None,,3,1.0,"None, None",,2018-09-18,2018-10-03T10:00:45-07:00,63.0,6.0,,,no,nucleus_absent,-23.0,-23.0,,10:33:27-07:00,10:32:36-07:00,10:33:27-07:00,NA,,Yes,2.0.5,,2018-08-14,Sst-IRES-Cre;Ai14-416131.06.01,VISp4,,,3.7,10:26:29-07:00,10:28:19-07:00,3,dijonh,,Good,SUCCESS,Access Resistance Increased,2018-10-03,PB,VISp,layer 4,VISp4,,json_only,NA
Mouse,Sst-IRES-Cre;Ai14-416131.06.01.02,PBS4_181003_501_A01,Sst-IRES-Cre/wt;Ai14(RCL-tdT)/wt,416131,68.20000000000073,2018-10-02,3,Cre+,None,,3,2.0,"None, None",,2018-09-18,2018-10-03T10:00:45-07:00,69.0,2222.0,,,no,nucleus_present,-30.0,-30.0,,10:44:27-07:00,10:43:31-07:00,10:44:28-07:00,PBS4_181003_501_A01,,Yes,2.0.5,,2018-08-14,Sst-IRES-Cre;Ai14-416131.06.01,VISp5,,,2.6,10:37:42-07:00,10:39:47-07:00,3,dijonh,,Good,SUCCESS,,2018-10-03,PB,VISp,layer 5,VISp5,,both,PBS4_181003_501_A01
Mouse,Sst-IRES-Cre;Ai14-416131.06.01.03,PBS4_181003_502_A01,Sst-IRES-Cre/wt;Ai14(RCL-tdT)/wt,416131,71.39999999999964,2018-10-02,2,Cre+,None,,3,4.0,"None, None",,2018-09-18,2018-10-03T10:00:45-07:00,71.0,1000.0,,,no,nucleus_present,-27.0,-27.0,,11:09:13-07:00,11:07:48-07:00,11:09:13-07:00,PBS4_181003_502_A01,,Yes,2.0.5,,2018-08-14,Sst-IRES-Cre;Ai14-416131.06.01,VISp4,,,4.0,10:55:47-07:00,11:03:15-07:00,3,dijonh,,Good,SUCCESS,,2018-10-03,PB,VISp,layer 4,VISp4,,both,PBS4_181003_502_A01
Mouse,Cck-IRES-Cre;Vip-IRES-FlpO;Ai65-417327.04.02.02,P8S4_181003_352_A01,Cck-IRES-Cre/wt;Vip-IRES-FlpO/wt;Ai65(RCFL-tdT)/wt,417327,47.29999999999998,2018-10-02,3,Cre+,None,,3,2.0,"None, None",,2018-09-18,2018-10-03T10:39:14-07:00,47.0,200.0,,,not_intentionally,nucleus_present,-40.0,-40.0,,11:27:37-07:00,11:26:12-07:00,11:35:47-07:00,P8S4_181003_352_A01,,Yes,2.0.5,,2018-08-14,Cck-IRES-Cre;Vip-IRES-FlpO;Ai65-417327.04.02,VISp2/3,C2,,4.4,11:15:22-07:00,11:16:26-07:00,7,lindsayn,,Good,SUCCESS,,2018-10-03,P8,VISp,layer 2/3,VISp2/3,,both,P8S4_181003_352_A01
Mouse,Cck-IRES-Cre;Vip-IRES-FlpO;Ai65-417327.04.02.01,P8S4_181003_351_A01,Cck-IRES-Cre/wt;Vip-IRES-FlpO/wt;Ai65(RCFL-tdT)/wt,417327,58.30000000000001,2018-10-02,3,Cre+,Electroporation,channel recording,3,1.0,"None, None",,2018-09-18,2018-10-03T10:39:14-07:00,58.0,1500.0,,,no,nucleus_present,-40.0,-40.0,,10:59:10-07:00,10:57:57-07:00,11:04:04-07:00,P8S4_181003_351_A01,,Yes,2.0.5,,2018-08-14,Cck-IRES-Cre;Vip-IRES-FlpO;Ai65-417327.04.02,VISp2/3,C2,,4.5,10:46:48-07:00,10:48:09-07:00,7,lindsayn,,Good,SUCCESS,,2018-10-03,P8,VISp,layer 2/3,VISp2/3,,both,P8S4_181003_351_A01
Mouse,Cck-IRES-Cre;Vip-IRES-FlpO;Ai65-417327.04.01.01,PAS4_181003_455_A01,Cck-IRES-Cre/wt;Vip-IRES-FlpO/wt;Ai65(RCFL-tdT)/wt,417327,59.89999999999782,2018-10-02,3,Cre+,None,,3,1.0,"None, None",,2018-09-18,2018-10-03T11:40:17-07:00,59.9,2000.0,,"Fluorescence in Pipette,Cell Dimmed,Cell Swelled",no,nucleus_present,-40.0,-40.0,No Bubbles,11:56:58-07:00,11:56:23-07:00,12:00:56-07:00,PAS4_181003_455_A01,,Yes,2.0.5,,2018-08-14,Cck-IRES-Cre;Vip-IRES-FlpO;Ai65-417327.04.01,VISp2/3,X7 sweep APs not firing.,,5.5,11:49:50-07:00,11:52:00-07:00,1,ramr,#Health,'Wave of Death',SUCCESS,Ended After C1,2018-10-03,PA,VISp,layer 2/3,VISp2/3,,both,PAS4_181003_455_A01
Mouse,Cck-IRES-Cre;Vip-IRES-FlpO;Ai65-417327.04.01.02,PAS4_181003_456_A01,Cck-IRES-Cre/wt;Vip-IRES-FlpO/wt;Ai65(RCFL-tdT)/wt,417327,48.20000000000073,2018-10-02,2,Cre+,None,,2,2.0,"None, None",4-33,2018-09-18,2018-10-03T11:40:17-07:00,48.2,1500.0,,"Fluorescence in Pipette,Cell Dimmed,Cell Swelled",no,nucleus_present,-32.0,-32.0,No Bubbles,12:31:33-07:00,12:30:43-07:00,12:34:29-07:00,PAS4_181003_456_A01,,Yes,2.0.5,,2018-08-14,Cck-IRES-Cre;Vip-IRES-FlpO;Ai65-417327.04.01,VISp1,Reran sweeps at -56 pA holding. ,,5.6,12:20:12-07:00,12:23:42-07:00,1,ramr,#Health,'Wave of Death',SUCCESS,"Patch/Cell Unstable,Ended After C1",2018-10-03,PA,VISp,layer 1,VISp1,,both,PAS4_181003_456_A01
Mouse,Cck-IRES-Cre;Vip-IRES-FlpO;Ai65-417327.05.02.01,PBS4_181003_503_A01,Cck-IRES-Cre/wt;Vip-IRES-FlpO/wt;Ai65(RCFL-tdT)/wt,417327,71.89999999999964,2018-10-02,4,Cre+,None,,4,1.0,"None, None",,2018-09-18,2018-10-03T11:50:18-07:00,72.0,3000.0,,,no,nucleus_present,-24.0,-24.0,,12:03:26-07:00,12:01:54-07:00,12:03:26-07:00,PBS4_181003_503_A01,,Yes,2.0.5,,2018-08-14,Cck-IRES-Cre;Vip-IRES-FlpO;Ai65-417327.05.02,VISp2/3,,,4.0,11:55:52-07:00,11:57:52-07:00,3,dijonh,,Good,SUCCESS,,2018-10-03,PB,VISp,layer 2/3,VISp2/3,,both,PBS4_181003_503_A01
Mouse,Cck-IRES-Cre;Vip-IRES-FlpO;Ai65-417327.05.02.02,PBS4_181003_504_A01,Cck-IRES-Cre/wt;Vip-IRES-FlpO/wt;Ai65(RCFL-tdT)/wt,417327,79.5,2018-10-02,2,Cre+,None,,3,3.0,"None, None",,2018-09-18,2018-10-03T11:50:18-07:00,80.0,54.0,,,not_intentionally,nucleus_present,-20.0,-20.0,,12:27:25-07:00,12:26:20-07:00,12:27:26-07:00,PBS4_181003_504_A01,,Yes,2.0.5,,2018-08-14,Cck-IRES-Cre;Vip-IRES-FlpO;Ai65-417327.05.02,VISp2/3,,,2.1,12:17:43-07:00,12:18:00-07:00,3,dijonh,,Good,SUCCESS,,2018-10-03,PB,VISp,layer 2/3,VISp2/3,,both,PBS4_181003_504_A01
,,,,,,2018-10-02,2,Cre+,None,,2,3.0,"None, None",,2018-09-18,2018-10-03T13:28:43-07:00,57.0,54.0,,,not_intentionally,entire_cell,-20.0,-20.0,,14:16:17-07:00,14:15:13-07:00,14:16:18-07:00,NA,,Yes,2.0.5,,2018-08-14,Sst-IRES-Cre;Ai14-416483.04.02,VISp4,,,2.1,14:09:22-07:00,14:10:27-07:00,3,dijonh,,'Wave of Death',SUCCESS,,2018-10-03,PB,VISp,layer 4,VISp4,,json_only,NA
Mouse,Sst-IRES-Cre;Ai14-416483.04.02.02,PBS4_181003_505_A01,Sst-IRES-Cre/wt;Ai14(RCL-tdT)/wt,416483,58.099999999998545,2018-10-02,2,Cre+,None,,2,4.0,"None, None",,2018-09-18,2018-10-03T13:28:43-07:00,58.0,1400.0,,,no,nucleus_present,-32.0,-32.0,,14:33:54-07:00,14:32:23-07:00,14:33:55-07:00,PBS4_181003_505_A01,,Yes,2.0.5,,2018-08-14,Sst-IRES-Cre;Ai14-416483.04.02,VISp4,,,4.5,14:20:12-07:00,14:23:09-07:00,3,dijonh,,'Wave of Death',SUCCESS,,2018-10-03,PB,VISp,layer 4,VISp4,,both,PBS4_181003_505_A01
Mouse,Sst-IRES-Cre;Ai14-416483.04.01.01,PAS4_181003_457_A01,Sst-IRES-Cre/wt;Ai14(RCL-tdT)/wt,416483,62.29999999999927,2018-10-02,3,Cre+,None,,3,1.0,"None, None",,2018-09-18,2018-10-03T14:08:46-07:00,62.3,500.0,Partial nucleated and alexa fill visible.,"Cell Dimmed,Cell Swelled",not_intentionally,nucleus_present,-41.0,-41.0,No Bubbles,14:28:18-07:00,14:27:33-07:00,15:16:34-07:00,PAS4_181003_457_A01,,Yes,2.0.5,,2018-08-14,Sst-IRES-Cre;Ai14-416483.04.01,VISp2/3,,,5.7,14:20:44-07:00,14:23:39-07:00,1,ramr,#Health,Good,SUCCESS,"Patch/Cell Unstable,Cell Hyperpolarized,Ended After C1",2018-10-03,PA,VISp,layer 2/3,VISp2/3,,both,PAS4_181003_457_A01
Mouse,Sst-IRES-Cre;Ai14-416483.04.01.02,PAS4_181003_458_A01,Sst-IRES-Cre/wt;Ai14(RCL-tdT)/wt,416483,49.10000000000218,2018-10-02,1,Cre+,None,,2,2.0,"None, None",4-73,2018-09-18,2018-10-03T14:08:46-07:00,49.1,2000.0,,"Fluorescence in Pipette,Cell Dimmed,Cell Swelled",no,nucleus_present,-40.0,-40.0,No Bubbles,15:05:37-07:00,15:05:03-07:00,15:08:46-07:00,PAS4_181003_458_A01,,Yes,2.0.5,,2018-08-14,Sst-IRES-Cre;Ai14-416483.04.01,VISp4,,,6.7,14:45:18-07:00,14:50:25-07:00,1,ramr,#Health,Good,SUCCESS,Ended After C1,2018-10-03,PA,VISp,layer 4,VISp4,,both,PAS4_181003_458_A01
,,,,,,2018-10-02,2,Cre+,None,,2,2.0,"None, None",,2018-09-18,2018-10-03T14:36:07-07:00,83.0,84.0,,,not_intentionally,nucleus_absent,-26.0,-26.0,,15:36:22-07:00,15:35:02-07:00,15:36:23-07:00,NA,,No,2.0.5,,2018-08-14,Vip-IRES-Cre;Ai14-417229.05.02,VISp4,,,3.8,15:23:08-07:00,15:25:48-07:00,3,dijonh,,'Wave of Death',SUCCESS,,2018-10-03,PB,VISp,layer 4,VISp4,,json_only,NA
Mouse,Vip-IRES-Cre;Ai14-417229.05.02.01,PBS4_181003_506_A01,Vip-IRES-Cre/wt;Ai14(RCL-tdT)/wt,417229,77.70000000000073,2018-10-02,3,Cre+,None,,2,1.0,"None, None",,2018-09-18,2018-10-03T14:36:07-07:00,77.7,68.0,,,not_intentionally,nucleus_present,-28.0,-28.0,,15:16:07-07:00,15:15:04-07:00,15:16:07-07:00,PBS4_181003_506_A01,,No,2.0.5,,2018-08-14,Vip-IRES-Cre;Ai14-417229.05.02,VISp2/3,,,3.8,15:06:52-07:00,15:10:30-07:00,3,dijonh,,'Wave of Death',SUCCESS,,2018-10-03,PB,VISp,layer 2/3,VISp2/3,,both,PBS4_181003_506_A01
Human,H18.06.365.11.08.01.04,P8S4_181003_356_A01,,H18.06.365,36.80000000000001,2018-10-02,4,None,Electroporation,channel recording,2,7.0,"None, None",,2018-09-18,2018-10-03T14:47:32-07:00,36.0,2000.0,,,no,nucleus_present,-50.0,-50.0,,16:15:18-07:00,16:13:10-07:00,16:18:45-07:00,P8S4_181003_356_A01,,Yes,2.0.5,,2018-08-14,H18.06.365.11.08.01,TCx3,C2,Pyramidal,4.9,16:02:40-07:00,16:03:41-07:00,7,lindsayn,"jem form got deleted so had to make a new one, time stamps will be off","Damaged,Uneven Thickness",SUCCESS,,2018-10-03,P8,TCx,layer 3,TCx3,,both,P8S4_181003_356_A01
Human,H18.06.365.11.08.01.01,P8S4_181003_353_A01,,H18.06.365,43.0,2018-10-02,3,None,Electroporation,channel recording,2,1.0,"None, None",,2018-09-18,2018-10-03T14:47:32-07:00,40.0,1500.0,,,no,nucleus_present,-42.0,-42.0,,14:48:45-07:00,14:48:44-07:00,14:48:45-07:00,P8S4_181003_353_A01,,Yes,2.0.5,,2018-08-14,H18.06.365.11.08.01,TCx3,lost channel recording seal,Unknown Interneuron,4.0,14:48:14-07:00,14:48:17-07:00,7,lindsayn,"jem form got deleted so had to make a new one, time stamps will be off","Damaged,Uneven Thickness",SUCCESS,,2018-10-03,P8,TCx,layer 3,TCx3,,both,P8S4_181003_353_A01
Human,H18.06.365.11.08.01.02,P8S4_181003_354_A01,,H18.06.365,43.20000000000002,2018-10-02,2,None,None,,2,3.0,"None, None",,2018-09-18,2018-10-03T14:47:32-07:00,40.0,50.0,,,no,nucleus_present,-40.0,-40.0,,14:49:52-07:00,14:49:51-07:00,14:49:52-07:00,P8S4_181003_354_A01,,Yes,2.0.5,,2018-08-14,H18.06.365.11.08.01,TCx3,C2,Unknown Interneuron,4.0,14:49:33-07:00,14:49:35-07:00,7,lindsayn,"jem form got deleted so had to make a new one, time stamps will be off","Damaged,Uneven Thickness",SUCCESS,,2018-10-03,P8,TCx,layer 3,TCx3,,both,P8S4_181003_354_A01
Human,H18.06.365.11.08.01.03,P8S4_181003_355_A01,,H18.06.365,43.0,2018-10-02,2,None,Electroporation,channel recording,2,6.0,"None, None",,2018-09-18,2018-10-03T14:47:32-07:00,43.0,1500.0,,,intentionally,nucleus_present,-40.0,-40.0,,15:29:10-07:00,15:27:22-07:00,15:33:48-07:00,P8S4_181003_355_A01,,Yes,2.0.5,,2018-08-14,H18.06.365.11.08.01,TCx3,"C2
froze during channel recording, lost seal",Pyramidal,4.5,15:13:39-07:00,15:14:59-07:00,7,lindsayn,"jem form got deleted so had to make a new one, time stamps will be off","Damaged,Uneven Thickness",SUCCESS,,2018-10-03,P8,TCx,layer 3,TCx3,,both,P8S4_181003_355_A01
Mouse,Vip-IRES-Cre;Ai14-417229.04.01.01,PAS4_181003_459_A01,Vip-IRES-Cre/wt;Ai14(RCL-tdT)/wt,417229,59.80000000000291,2018-10-02,3,Cre+,None,,3,1.0,"None, None",,2018-09-18,2018-10-03T15:24:40-07:00,59.8,500.0,Partial nucleated and alexa fill visible.,"Cell Dimmed,Cell Shrunk",not_intentionally,nucleus_present,-42.0,-42.0,No Bubbles,15:53:29-07:00,15:52:56-07:00,15:57:41-07:00,PAS4_181003_459_A01,,Yes,2.0.5,,2018-08-14,Vip-IRES-Cre;Ai14-417229.04.01,VISp2/3,,,4.9,15:46:39-07:00,15:49:20-07:00,1,ramr,#Schedule,Good,SUCCESS,Ended After C1,2018-10-03,PA,VISp,layer 2/3,VISp2/3,,both,PAS4_181003_459_A01
Mouse,Vip-IRES-Cre;Ai14-417229.04.01.02,PAS4_181003_460_A01,Vip-IRES-Cre/wt;Ai14(RCL-tdT)/wt,417229,53.5,2018-10-02,2,Cre+,None,,2,2.0,"None, None",4-19,2018-09-18,2018-10-03T15:24:40-07:00,53.5,3000.0,,"Cell Dimmed,Cell Shrunk",no,nucleus_present,-30.0,-30.0,No Bubbles,16:17:57-07:00,16:17:29-07:00,16:19:57-07:00,PAS4_181003_460_A01,,Yes,2.0.5,,2018-08-14,Vip-IRES-Cre;Ai14-417229.04.01,VISp2/3,,,5.9,16:08:02-07:00,16:10:17-07:00,1,ramr,#Schedule,Good,SUCCESS,Ended After C1,2018-10-03,PA,VISp,layer 2/3,VISp2/3,,both,PAS4_181003_460_A01
Mouse,Sst-IRES-Cre;Ai14-416131.03.02.01,PBS4_181003_507_A01,Sst-IRES-Cre/wt;Ai14(RCL-tdT)/wt,416131,77.70000000000073,2018-10-01,4,Cre+,None,,2,2.0,"None, None",,2018-09-18,2018-10-03T16:23:45-07:00,77.7,67.0,,,not_intentionally,nucleus_present,-20.0,-20.0,,16:36:37-07:00,16:36:22-07:00,16:36:37-07:00,PBS4_181003_507_A01,,Yes,2.0.5,,2018-08-14,Sst-IRES-Cre;Ai14-416131.03.02,VISp4,,,2.0,16:32:30-07:00,16:33:46-07:00,3,dijonh,,Good,SUCCESS,,2018-10-03,PB,VISp,layer 4,VISp4,,both,PBS4_181003_507_A01
Mouse,Sst-IRES-Cre;Ai14-416131.03.02.02,PBS4_181003_508_A01,Sst-IRES-Cre/wt;Ai14(RCL-tdT)/wt,416131,84.60000000000036,2018-10-01,2,Cre+,None,,2,3.0,"None, None",,2018-09-18,2018-10-03T16:23:45-07:00,85.0,120.0,,,not_intentionally,nucleus_present,-23.0,-23.0,,16:50:33-07:00,16:49:00-07:00,16:50:34-07:00,PBS4_181003_508_A01,,Yes,2.0.5,,2018-08-14,Sst-IRES-Cre;Ai14-416131.03.02,VISp4,,,3.0,16:43:08-07:00,16:44:47-07:00,3,dijonh,,Good,SUCCESS,,2018-10-03,PB,VISp,layer 4,VISp4,,both,PBS4_181003_508_A01
Mouse,Sst-IRES-Cre;Ai14-416131.03.02.03,PBS4_181003_509_A01,Sst-IRES-Cre/wt;Ai14(RCL-tdT)/wt,416131,94.5,2018-10-01,2,Cre+,None,,2,4.0,"None, None",,2018-09-18,2018-10-03T16:23:45-07:00,95.0,100.0,,,not_intentionally,nucleus_present,-25.0,-25.0,,17:10:51-07:00,17:10:18-07:00,17:10:51-07:00,PBS4_181003_509_A01,,Yes,2.0.5,,2018-08-14,Sst-IRES-Cre;Ai14-416131.03.02,VISp4,,,2.7,16:56:57-07:00,17:03:06-07:00,3,dijonh,,Good,SUCCESS,,2018-10-03,PB,VISp,layer 4,VISp4,,both,PBS4_181003_509_A01
Human,H18.03.317.14.04.05,PXS4_181004_355_A01,,H18.03.317,74.49999999999997,2018-10-01,3,Cre+,None,,2,7.0,"None, None",,2018-09-18,2018-10-04T10:59:26-07:00,74.0,1000.0,too deep to see. membrane was stiff,,no,nucleus_absent,-50.0,-50.0,,14:59:47-07:00,14:58:08-07:00,15:04:50-07:00,PXS4_181004_355_A01,,No,2.0.5,,2018-08-14,H18.03.317.14.04,TCx3,"QC pass 
green",Unknown Interneuron,6.4,14:50:39-07:00,14:52:16-07:00,7,lindsayn,Human Viral Culture,Good,SUCCESS,,2018-10-04,P8,TCx,layer 3,TCx3,,both,PXS4_181004_355_A01
Human,H18.03.317.14.04.03,PXS4_181004_353_A01,,H18.03.317,59.39999999999998,2018-10-01,3,Cre+,None,,3,3.0,"None, None",,2018-09-18,2018-10-04T10:59:26-07:00,59.0,10.0,,,no,nucleus_absent,-45.0,-45.0,,13:09:58-07:00,13:07:55-07:00,13:19:30-07:00,PXS4_181004_353_A01,,No,2.0.5,,2018-08-14,H18.03.317.14.04,TCx3,"QC pass
green",Unknown Interneuron,5.1,13:00:40-07:00,13:02:10-07:00,7,lindsayn,Human Viral Culture,Good,SUCCESS,Access Resistance Increased,2018-10-04,P8,TCx,layer 3,TCx3,,both,PXS4_181004_353_A01
Human,H18.03.317.14.04.02,PXS4_181004_352_A01,,H18.03.317,42.999999999999986,2018-10-01,5,Cre+,None,,3,2.0,"None, None",,2018-09-18,2018-10-04T10:59:26-07:00,43.0,3000.0,,,no,nucleus_present,-55.0,-55.0,,11:37:46-07:00,11:33:04-07:00,11:40:55-07:00,PXS4_181004_352_A01,,No,2.0.5,,2018-08-14,H18.03.317.14.04,TCx5,"QC pass
green
perfect cell!!!",Unknown Interneuron,4.8,11:26:45-07:00,11:27:51-07:00,7,lindsayn,Human Viral Culture,Good,SUCCESS,,2018-10-04,P8,TCx,layer 5,TCx5,,both,PXS4_181004_352_A01
Human,H18.03.317.14.04.04,PXS4_181004_354_A01,,H18.03.317,53.60000000000002,2018-10-01,2,Cre+,None,,2,4.0,"None, None",,2018-09-18,2018-10-04T10:59:26-07:00,53.0,1000.0,,,no,nucleus_present,-45.0,-45.0,,14:13:12-07:00,14:12:32-07:00,14:18:27-07:00,PXS4_181004_354_A01,,No,2.0.5,,2018-08-14,H18.03.317.14.04,TCx3,"QC fail - got as much as I could
green",,5.0,14:01:42-07:00,14:03:13-07:00,7,lindsayn,Human Viral Culture,Good,SUCCESS,,2018-10-04,P8,TCx,layer 3,TCx3,,both,PXS4_181004_354_A01
Human,H18.03.317.14.04.06,PXS4_181004_356_A01,,H18.03.317,49.0,2018-10-01,4,Cre+,None,,2,8.0,"None, None",,2018-09-18,2018-10-04T10:59:26-07:00,49.0,200.0,could not get nucleus ,,no,nucleus_absent,-45.0,-45.0,,15:30:52-07:00,15:27:37-07:00,15:42:02-07:00,PXS4_181004_356_A01,,No,2.0.5,,2018-08-14,H18.03.317.14.04,TCx3,"QC pass
green

interesting - large hyperpolarization after firing",Unknown Interneuron,3.6,15:20:51-07:00,15:22:02-07:00,7,lindsayn,Human Viral Culture,Good,SUCCESS,,2018-10-04,P8,TCx,layer 3,TCx3,,both,PXS4_181004_356_A01
Human,H18.03.317.14.04.01,PXS4_181004_351_A01,,H18.03.317,35.30000000000001,2018-10-01,4,Cre+,None,,3,1.0,"None, None",,2018-09-18,2018-10-04T10:59:26-07:00,35.0,1500.0,,,no,nucleus_present,-40.0,-40.0,,11:09:43-07:00,11:08:26-07:00,11:11:57-07:00,PXS4_181004_351_A01,,No,2.0.5,,2018-08-14,H18.03.317.14.04,TCx3,"QC pass
green",Unknown Interneuron,5.3,11:02:25-07:00,11:03:31-07:00,7,lindsayn,Human Viral Culture,Good,SUCCESS,,2018-10-04,P8,TCx,layer 3,TCx3,,both,PXS4_181004_351_A01
Mouse,Sst-IRES-Cre;Ai14-416132.04.01.01,P1S4_181005_001_A01,Sst-IRES-Cre/wt;Ai14(RCL-tdT)/wt,416132,32.600000000000364,2018-10-04,4,Cre+,None,,4,1.0,"None, None",,2018-09-18,2018-10-05T09:36:45-07:00,32.6,4500.0,,Cell Dimmed,no,nucleus_present,-25.0,-25.0,No Bubbles,09:54:13-07:00,09:53:39-07:00,09:55:46-07:00,P1S4_181005_001_A01,,Yes,2.0.5,,2018-08-14,Sst-IRES-Cre;Ai14-416132.04.01,VISp5,,,4.6,09:45:47-07:00,09:46:26-07:00,4,kristenh,,Good,SUCCESS,,2018-10-05,P1,VISp,layer 5,VISp5,,both,P1S4_181005_001_A01
Mouse,Sst-IRES-Cre;Ai14-416132.04.01.02,P1S4_181005_002_A01,Sst-IRES-Cre/wt;Ai14(RCL-tdT)/wt,416132,49.69999999999891,2018-10-04,3,Cre+,None,,3,4.0,"None, None",,2018-09-18,2018-10-05T09:36:45-07:00,49.7,5000.0,,Cell Dimmed,no,nucleus_present,-30.0,-30.0,No Bubbles,10:32:58-07:00,10:32:23-07:00,10:34:09-07:00,P1S4_181005_002_A01,,Yes,2.0.5,,2018-08-14,Sst-IRES-Cre;Ai14-416132.04.01,VISp5,,,4.0,10:26:34-07:00,10:27:59-07:00,4,kristenh,,Good,SUCCESS,,2018-10-05,P1,VISp,layer 5,VISp5,,both,P1S4_181005_002_A01
Mouse,Sst-IRES-Cre;Ai14-416132.04.01.03,P1S4_181005_003_A01,Sst-IRES-Cre/wt;Ai14(RCL-tdT)/wt,416132,36.79999999999927,2018-10-04,4,Cre+,None,,3,5.0,"None, None",,2018-09-18,2018-10-05T09:36:45-07:00,36.8,2100.0,,Cell Dimmed,no,nucleus_present,-30.0,-30.0,No Bubbles,10:49:44-07:00,10:48:51-07:00,10:51:12-07:00,P1S4_181005_003_A01,,Yes,2.0.5,,2018-08-14,Sst-IRES-Cre;Ai14-416132.04.01,VISp4,added C2 stimuli,,3.4,10:40:24-07:00,10:41:34-07:00,4,kristenh,,Good,SUCCESS,,2018-10-05,P1,VISp,layer 4,VISp4,,both,P1S4_181005_003_A01
Mouse,Sst-IRES-Cre;Ai14-416132.05.01.01,PAS4_181005_451_A01,Sst-IRES-Cre/wt;Ai14(RCL-tdT)/wt,416132,54.70000000000073,2018-10-04,4,Cre+,None,,2,1.0,"None, None",,2018-09-18,2018-10-05T09:57:57-07:00,54.7,3000.0,,"Fluorescence in Pipette,Cell Dimmed,Cell Swelled",no,nucleus_present,-40.0,-40.0,No Bubbles,10:11:55-07:00,10:11:04-07:00,10:15:31-07:00,PAS4_181005_451_A01,,Yes,2.0.5,,2018-08-14,Sst-IRES-Cre;Ai14-416132.05.01,VISp4,,,5.6,10:06:36-07:00,10:08:21-07:00,1,ramr,#Health(WOD starting at harp strings after 90 min),'Wave of Death',SUCCESS,Ended After C1,2018-10-05,PA,VISp,layer 4,VISp4,,both,PAS4_181005_451_A01
Mouse,Sst-IRES-Cre;Ai14-416132.05.01.02,PAS4_181005_452_A01,Sst-IRES-Cre/wt;Ai14(RCL-tdT)/wt,416132,64.40000000000146,2018-10-04,2,Cre+,None,,2,2.0,"None, None",,2018-09-18,2018-10-05T09:57:57-07:00,64.4,600.0,Partial nucleated and alexa fill visible.,"Cell Dimmed,Cell Swelled",no,nucleus_present,-46.0,-46.0,No Bubbles,10:34:52-07:00,10:34:36-07:00,10:38:05-07:00,PAS4_181005_452_A01,,Yes,2.0.5,,2018-08-14,Sst-IRES-Cre;Ai14-416132.05.01,VISp5,,,6.0,10:24:15-07:00,10:26:28-07:00,1,ramr,#Health(WOD starting at harp strings after 90 min),'Wave of Death',SUCCESS,"Patch/Cell Unstable,Cell Depolarized,Ended After C1",2018-10-05,PA,VISp,layer 5,VISp5,,both,PAS4_181005_452_A01
Mouse,Sst-IRES-Cre;Ai14-416132.05.01.03,PAS4_181005_453_A01,Sst-IRES-Cre/wt;Ai14(RCL-tdT)/wt,416132,53.900000000001455,2018-10-04,3,Cre+,None,,2,3.0,"None, None",,2018-09-18,2018-10-05T09:57:57-07:00,53.9,2500.0,,"Fluorescence in Pipette,Cell Dimmed,Cell Swelled",no,nucleus_present,-40.0,-40.0,No Bubbles,10:59:10-07:00,10:58:23-07:00,11:02:05-07:00,PAS4_181005_453_A01,,Yes,2.0.5,,2018-08-14,Sst-IRES-Cre;Ai14-416132.05.01,VISp2/3,,,4.5,10:53:12-07:00,10:55:33-07:00,1,ramr,#Health(WOD starting at harp strings after 90 min),'Wave of Death',SUCCESS,Ended After C1,2018-10-05,PA,VISp,layer 2/3,VISp2/3,,both,PAS4_181005_453_A01
Mouse,Sst-IRES-Cre;Ai14-416132.05.01.04,PAS4_181005_454_A01,Sst-IRES-Cre/wt;Ai14(RCL-tdT)/wt,416132,46.79999999999927,2018-10-04,2,Cre+,None,,2,4.0,"None, None","9, 29-32",2018-09-18,2018-10-05T09:57:57-07:00,46.8,3500.0,,"Fluorescence in Pipette,Cell Dimmed,Cell Swelled",no,nucleus_present,-35.0,-35.0,No Bubbles,11:18:39-07:00,11:17:45-07:00,11:21:58-07:00,PAS4_181005_454_A01,,Yes,2.0.5,,2018-08-14,Sst-IRES-Cre;Ai14-416132.05.01,VISp4,,,4.8,11:11:20-07:00,11:14:18-07:00,1,ramr,#Health(WOD starting at harp strings after 90 min),'Wave of Death',SUCCESS,Ended After C1,2018-10-05,PA,VISp,layer 4,VISp4,,both,PAS4_181005_454_A01
Mouse,Sst-IRES-Cre;Ai14-416132.05.02.02,PBS4_181005_502_A01,Sst-IRES-Cre/wt;Ai14(RCL-tdT)/wt,416132,56.20000000000073,2018-10-04,2,Cre+,None,,4,2.0,"None, None",,2018-09-18,2018-10-05T10:22:15-07:00,56.0,777.0,,,no,nucleus_present,-33.0,-33.0,,10:59:59-07:00,10:58:35-07:00,11:00:00-07:00,PBS4_181005_502_A01,,Yes,2.0.5,,2018-08-14,Sst-IRES-Cre;Ai14-416132.05.02,VISp5,,,3.4,10:52:39-07:00,10:55:14-07:00,3,dijonh,,Good,SUCCESS,,2018-10-05,PB,VISp,layer 5,VISp5,,both,PBS4_181005_502_A01
Mouse,Sst-IRES-Cre;Ai14-416132.05.02.04,PBS4_181005_504_A01,Sst-IRES-Cre/wt;Ai14(RCL-tdT)/wt,416132,109.60000000000036,2018-10-04,2,Cre+,None,,3,6.0,"None, None",,2018-09-18,2018-10-05T10:22:15-07:00,110.0,1100.0,,,not_intentionally,nucleus_present,-25.0,-25.0,,11:29:29-07:00,11:28:25-07:00,11:29:29-07:00,PBS4_181005_504_A01,,Yes,2.0.5,,2018-08-14,Sst-IRES-Cre;Ai14-416132.05.02,VISp2/3,,,2.5,11:21:54-07:00,11:24:01-07:00,3,dijonh,,Good,SUCCESS,Cell Depolarized,2018-10-05,PB,VISp,layer 2/3,VISp2/3,,both,PBS4_181005_504_A01
Mouse,Sst-IRES-Cre;Ai14-416132.05.02.03,PBS4_181005_503_A01,Sst-IRES-Cre/wt;Ai14(RCL-tdT)/wt,416132,63.80000000000109,2018-10-04,3,Cre+,None,,3,4.0,"None, None",,2018-09-18,2018-10-05T10:22:15-07:00,64.0,111.0,,,no,nucleus_present,-31.0,-31.0,,11:14:12-07:00,11:13:18-07:00,11:14:12-07:00,PBS4_181005_503_A01,,Yes,2.0.5,,2018-08-14,Sst-IRES-Cre;Ai14-416132.05.02,VISp4,,,3.5,11:07:54-07:00,11:08:13-07:00,3,dijonh,,Good,SUCCESS,,2018-10-05,PB,VISp,layer 4,VISp4,,both,PBS4_181005_503_A01
Mouse,Sst-IRES-Cre;Ai14-416132.05.02.01,PBS4_181005_501_A01,Sst-IRES-Cre/wt;Ai14(RCL-tdT)/wt,416132,78.29999999999927,2018-10-04,4,Cre+,None,,4,1.0,"None, None",,2018-09-18,2018-10-05T10:22:15-07:00,77.0,2000.0,,,no,nucleus_present,-30.0,-30.0,,10:48:14-07:00,10:46:57-07:00,10:48:18-07:00,PBS4_181005_501_A01,,Yes,2.0.5,,2018-08-14,Sst-IRES-Cre;Ai14-416132.05.02,VISp5,,,3.7,10:41:16-07:00,10:43:56-07:00,3,dijonh,,Good,SUCCESS,,2018-10-05,PB,VISp,layer 5,VISp5,,both,PBS4_181005_501_A01
Mouse,Vip-IRES-Cre;Npy-IRES2-FlpO;Ai65-416938.04.01.02,P1S4_181005_005_A01,Vip-IRES-Cre/wt;Npy-IRES2-FlpO/wt;Ai65(RCFL-tdT)/wt,416938,58.100000000000364,2018-10-04,5,Cre+,None,,3,4.0,"None, None",,2018-09-18,2018-10-05T11:04:36-07:00,58.1,6000.0,,"Cell Dimmed,Cell Swelled",no,nucleus_present,-30.0,-30.0,No Bubbles,11:55:41-07:00,11:54:05-07:00,11:56:45-07:00,P1S4_181005_005_A01,,Yes,2.0.5,,2018-08-14,Vip-IRES-Cre;Npy-IRES2-FlpO;Ai65-416938.04.01,VISp2/3,,,5.0,11:42:30-07:00,11:44:36-07:00,4,kristenh,,Good,SUCCESS,,2018-10-05,P1,VISp,layer 2/3,VISp2/3,,both,P1S4_181005_005_A01
Mouse,Vip-IRES-Cre;Npy-IRES2-FlpO;Ai65-416938.04.01.01,P1S4_181005_004_A01,Vip-IRES-Cre/wt;Npy-IRES2-FlpO/wt;Ai65(RCFL-tdT)/wt,416938,56.399999999999636,2018-10-04,5,Cre+,None,,3,3.0,"None, None",,2018-09-18,2018-10-05T11:04:36-07:00,56.4,2500.0,,"Cell Dimmed,Cell Shrunk",no,nucleus_present,-30.0,-30.0,No Bubbles,11:33:20-07:00,11:32:40-07:00,11:34:59-07:00,P1S4_181005_004_A01,,Yes,2.0.5,,2018-08-14,Vip-IRES-Cre;Npy-IRES2-FlpO;Ai65-416938.04.01,VISp2/3,added C2 stimuli,,4.9,11:23:40-07:00,11:24:34-07:00,4,kristenh,,Good,SUCCESS,,2018-10-05,P1,VISp,layer 2/3,VISp2/3,,both,P1S4_181005_004_A01
Mouse,Sst-IRES-Cre;Ai14-416132.04.02.01,P8S4_181005_351_A01,Sst-IRES-Cre/wt;Ai14(RCL-tdT)/wt,416132,39.599999999999994,2018-10-04,3,Cre+,Electroporation,channel recording,3,1.0,"None, None",,2018-09-18,2018-10-05T11:20:23-07:00,40.0,2000.0,,,no,nucleus_present,-40.0,-40.0,,11:40:31-07:00,11:38:11-07:00,11:42:12-07:00,P8S4_181005_351_A01,,Yes,2.0.5,,2018-08-14,Sst-IRES-Cre;Ai14-416132.04.02,VISp5,"C2
full channel recording",,4.9,11:27:31-07:00,11:29:09-07:00,7,lindsayn,,Good,SUCCESS,Access Resistance Increased,2018-10-05,P8,VISp,layer 5,VISp5,,both,P8S4_181005_351_A01
Mouse,Sst-IRES-Cre;Ai14-416132.04.02.02,P8S4_181005_352_A01,Sst-IRES-Cre/wt;Ai14(RCL-tdT)/wt,416132,43.79999999999998,2018-10-04,4,Cre+,Electroporation,channel recording,2,2.0,"None, None",,2018-09-18,2018-10-05T11:20:23-07:00,43.0,2000.0,,,no,nucleus_present,-40.0,-40.0,,12:06:24-07:00,12:05:07-07:00,12:09:26-07:00,P8S4_181005_352_A01,,Yes,2.0.5,,2018-08-14,Sst-IRES-Cre;Ai14-416132.04.02,VISp5,"C2
full channel recording",,4.6,11:56:09-07:00,11:57:20-07:00,7,lindsayn,,Good,SUCCESS,,2018-10-05,P8,VISp,layer 5,VISp5,,both,P8S4_181005_352_A01
Mouse,Vip-IRES-Cre;Npy-IRES2-FlpO;Ai65-416938.05.01.01,PAS4_181005_455_A01,Vip-IRES-Cre/wt;Npy-IRES2-FlpO/wt;Ai65(RCFL-tdT)/wt,416938,55.79999999999927,2018-10-04,3,Cre+,None,,3,1.0,"None, None",,2018-09-18,2018-10-05T11:37:09-07:00,55.8,2500.0,,"Cell Dimmed,Cell Swelled",no,nucleus_present,-40.0,-40.0,No Bubbles,12:06:39-07:00,12:05:59-07:00,12:09:23-07:00,PAS4_181005_455_A01,,Yes,2.0.5,,2018-08-14,Vip-IRES-Cre;Npy-IRES2-FlpO;Ai65-416938.05.01,VISp2/3,Accidentally got bright field image for fluorescence image. ,,4.4,11:59:21-07:00,12:01:26-07:00,1,ramr,#Health,Good,SUCCESS,Ended After C1,2018-10-05,PA,VISp,layer 2/3,VISp2/3,,both,PAS4_181005_455_A01
Mouse,Vip-IRES-Cre;Npy-IRES2-FlpO;Ai65-416938.05.02.02,PAS4_181005_457_A01,Vip-IRES-Cre/wt;Npy-IRES2-FlpO/wt;Ai65(RCFL-tdT)/wt,416938,47.900000000001455,2018-10-04,3,Cre+,None,,2,2.0,"None, None","14, 41, 43",2018-09-18,2018-10-05T12:22:40-07:00,47.9,3000.0,,"Cell Dimmed,Cell Swelled",no,nucleus_present,-30.0,-30.0,No Bubbles,13:09:05-07:00,13:08:03-07:00,13:12:27-07:00,PAS4_181005_457_A01,,Yes,2.0.5,,2018-08-14,Vip-IRES-Cre;Npy-IRES2-FlpO;Ai65-416938.05.02,VISp2/3,,,4.1,13:00:46-07:00,13:02:50-07:00,1,ramr,#Health,'Wave of Death',SUCCESS,"Patch/Cell Unstable,Ended After C1",2018-10-05,PA,VISp,layer 2/3,VISp2/3,,both,PAS4_181005_457_A01
Mouse,Vip-IRES-Cre;Npy-IRES2-FlpO;Ai65-416938.05.02.01,PAS4_181005_456_A01,Vip-IRES-Cre/wt;Npy-IRES2-FlpO/wt;Ai65(RCFL-tdT)/wt,416938,53.400000000001455,2018-10-04,3,Cre+,None,,3,1.0,"None, None",,2018-09-18,2018-10-05T12:22:40-07:00,53.4,60.0,Partial nucleated and alexa fill leaking.,"Cell Dimmed,Cell Swelled",not_intentionally,nucleus_present,-35.0,-35.0,No Bubbles,12:47:10-07:00,12:45:52-07:00,12:49:41-07:00,PAS4_181005_456_A01,,Yes,2.0.5,,2018-08-14,Vip-IRES-Cre;Npy-IRES2-FlpO;Ai65-416938.05.02,VISp2/3,X7 sweep APs not firing but sweep passed.,,6.2,12:33:06-07:00,12:38:14-07:00,1,ramr,#Health,'Wave of Death',SUCCESS,"Patch/Cell Unstable,Cell Depolarized,Ended After C1",2018-10-05,PA,VISp,layer 2/3,VISp2/3,,both,PAS4_181005_456_A01
Human,H18.03.317.14.05.01,PXS4_181005_353_A01,,H18.03.317,72.70000000000002,2018-10-04,3,Cre+,None,,2,1.0,"None, None",,2018-09-18,2018-10-05T12:41:13-07:00,72.0,10.0,,,not_intentionally,nucleus_present,-50.0,-50.0,,12:56:26-07:00,12:54:44-07:00,12:57:20-07:00,PXS4_181005_353_A01,,No,2.0.5,,2018-08-14,H18.03.317.14.05,TCx3,"QC pass - but very strange Ephys 
Red",,4.6,12:45:50-07:00,12:47:40-07:00,7,lindsayn,Human Viral Culture. Had to leave for the day didn't get the chance to look at the whole slice,Good,SUCCESS,,2018-10-05,P8,TCx,layer 3,TCx3,,both,PXS4_181005_353_A01
Human,H18.03.317.14.05.02,PXS4_181005_354_A01,,H18.03.317,57.599999999999994,2018-10-04,3,Cre+,None,,2,2.0,"None, None",,2018-09-18,2018-10-05T12:41:13-07:00,57.0,1000.0,,,no,nucleus_present,-40.0,-40.0,,13:19:24-07:00,13:17:58-07:00,13:20:42-07:00,PXS4_181005_354_A01,,No,2.0.5,,2018-08-14,H18.03.317.14.05,TCx3,"QC pass (with exception of initial gigaohm seal, only reached 800Mohms)
Red",,5.1,13:07:00-07:00,13:11:56-07:00,7,lindsayn,Human Viral Culture. Had to leave for the day didn't get the chance to look at the whole slice,Good,SUCCESS,,2018-10-05,P8,TCx,layer 3,TCx3,,both,PXS4_181005_354_A01
Mouse,Sst-IRES-Cre;Ai14-416484.05.02.02,PBS4_181005_506_A01,Sst-IRES-Cre/wt;Ai14(RCL-tdT)/wt,416484,81.60000000000036,2018-10-04,3,Cre+,None,,2,2.0,"None, None",,2018-09-18,2018-10-05T13:59:10-07:00,83.0,240.0,,,not_intentionally,nucleus_present,-40.0,-40.0,,14:30:28-07:00,14:29:37-07:00,14:30:28-07:00,PBS4_181005_506_A01,,Yes,2.0.5,,2018-08-14,Sst-IRES-Cre;Ai14-416484.05.02,VISp4,,,5.4,14:24:39-07:00,14:26:13-07:00,3,dijonh,,'Wave of Death',SUCCESS,Access Resistance Increased,2018-10-05,PB,VISp,layer 4,VISp4,,both,PBS4_181005_506_A01
Mouse,Sst-IRES-Cre;Ai14-416484.05.02.01,PBS4_181005_505_A01,Sst-IRES-Cre/wt;Ai14(RCL-tdT)/wt,416484,76.79999999999927,2018-10-04,4,Cre+,None,,2,1.0,"None, None",,2018-09-18,2018-10-05T13:59:10-07:00,77.0,85.0,,,not_intentionally,nucleus_present,-32.0,-32.0,,14:21:40-07:00,14:20:54-07:00,14:21:40-07:00,PBS4_181005_505_A01,,Yes,2.0.5,,2018-08-14,Sst-IRES-Cre;Ai14-416484.05.02,VISp4,,,5.0,14:14:39-07:00,14:15:14-07:00,3,dijonh,,'Wave of Death',SUCCESS,,2018-10-05,PB,VISp,layer 4,VISp4,,both,PBS4_181005_505_A01
Mouse,Cck-IRES-Cre;Vip-IRES-FlpO;Ai65-417331.05.01.01,PAS4_181005_458_A01,Cck-IRES-Cre/wt;Vip-IRES-FlpO/wt;Ai65(RCFL-tdT)/wt,417331,36.400000000001455,2018-10-04,4,Cre+,None,,2,2.0,"None, None","5, 16, 38-40",2018-09-18,2018-10-05T14:17:12-07:00,36.4,2500.0,,"Fluorescence in Pipette,Cell Dimmed,Cell Swelled",no,nucleus_present,-40.0,-40.0,No Bubbles,14:46:09-07:00,14:45:00-07:00,14:48:39-07:00,PAS4_181005_458_A01,,Yes,2.0.5,,2018-08-14,Cck-IRES-Cre;Vip-IRES-FlpO;Ai65-417331.05.01,VISp2/3,Had occasional noise occur during recording which are the bad sweeps.,,5.8,14:39:19-07:00,14:40:58-07:00,1,ramr,#Health,'Wave of Death',SUCCESS,Ended After C1,2018-10-05,PA,VISp,layer 2/3,VISp2/3,,both,PAS4_181005_458_A01
,,,,,,2018-10-04,1,Cre+,None,,2,3.0,"None, None","4-46, 73-91",2018-09-18,2018-10-05T14:17:12-07:00,51.7,5.0,No seal and no alexa fill visible.,"Cell Dimmed,Cell Swelled",no,nucleus_absent,-40.0,-40.0,No Bubbles,15:11:54-07:00,15:10:59-07:00,15:15:13-07:00,NA,,Yes,2.0.5,,2018-08-14,Cck-IRES-Cre;Vip-IRES-FlpO;Ai65-417331.05.01,VISp2/3,Reran sweeps at -58 pA holding.,,5.6,14:57:25-07:00,14:59:51-07:00,1,ramr,#Health,'Wave of Death',SUCCESS,"Patch/Cell Unstable,Ended After C1",2018-10-05,PA,VISp,layer 2/3,VISp2/3,,json_only,NA
Mouse,Sst-IRES-Cre;Ai14-416132.03.01.02,PBS4_181005_508_A01,Sst-IRES-Cre/wt;Ai14(RCL-tdT)/wt,416132,73.0,2018-10-04,4,Cre+,None,,2,6.0,"None, None",,2018-09-18,2018-10-05T14:50:26-07:00,73.0,112.0,,,not_intentionally,nucleus_present,-30.0,-30.0,,15:59:38-07:00,15:58:35-07:00,15:59:39-07:00,PBS4_181005_508_A01,,Yes,2.0.5,,2018-08-14,Sst-IRES-Cre;Ai14-416132.03.01,VISp4,sDAPs,,4.2,15:47:17-07:00,15:49:24-07:00,3,dijonh,,'Wave of Death',SUCCESS,,2018-10-05,PB,VISp,layer 4,VISp4,,both,PBS4_181005_508_A01
Mouse,Sst-IRES-Cre;Ai14-416132.03.01.01,PBS4_181005_507_A01,Sst-IRES-Cre/wt;Ai14(RCL-tdT)/wt,416132,84.70000000000073,2018-10-04,3,Cre+,None,,2,1.0,"None, None",,2018-09-18,2018-10-05T14:50:26-07:00,85.0,300.0,,,not_intentionally,nucleus_present,-30.0,-30.0,,15:13:06-07:00,15:11:27-07:00,15:13:06-07:00,PBS4_181005_507_A01,,Yes,2.0.5,,2018-08-14,Sst-IRES-Cre;Ai14-416132.03.01,VISp4,,,4.4,15:05:17-07:00,15:06:51-07:00,3,dijonh,,'Wave of Death',SUCCESS,,2018-10-05,PB,VISp,layer 4,VISp4,,both,PBS4_181005_507_A01
Mouse,Cck-IRES-Cre;Vip-IRES-FlpO;Ai65-417331.05.02.01,PAS4_181005_459_A01,Cck-IRES-Cre/wt;Vip-IRES-FlpO/wt;Ai65(RCFL-tdT)/wt,417331,53.70000000000073,2018-10-04,2,Cre+,None,,2,2.0,"None, None","32, 36-37",2018-09-18,2018-10-05T15:24:20-07:00,53.7,70.0,Partial nucleated and alexa fill leaking.,"Cell Dimmed,Cell Swelled",no,nucleus_present,-41.0,-41.0,No Bubbles,16:02:19-07:00,16:01:48-07:00,16:08:59-07:00,PAS4_181005_459_A01,,Yes,2.0.5,,2018-08-14,Cck-IRES-Cre;Vip-IRES-FlpO;Ai65-417331.05.02,VISp2/3,Reran sweeps at -61 pA at sweep 55.,,4.9,15:51:57-07:00,15:53:01-07:00,1,ramr,#Schedule,'Wave of Death',SUCCESS,"Patch/Cell Unstable,Patch Became Leaky,Ended After C1",2018-10-05,PA,VISp,layer 2/3,VISp2/3,,both,PAS4_181005_459_A01
,,,,,,2018-10-05,4,Cre+,None,,3,4.0,"None, None",,2018-09-18,2018-10-08T10:23:44-07:00,34.9,200.0,,"Fluorescence in Pipette,Cell Dimmed,Cell Shrunk",no,nucleus_absent,-30.0,-30.0,,11:33:12-07:00,11:32:40-07:00,11:35:17-07:00,NA,,Yes,2.0.5,,2018-10-01,Vip-IRES-Cre;Ai14-418222.04.01,VISp2/3,added C2 stimuli,,5.1,11:20:30-07:00,11:21:30-07:00,4,kristenh,,Good,SUCCESS,,2018-10-08,P1,VISp,layer 2/3,VISp2/3,,json_only,NA
Mouse,Vip-IRES-Cre;Ai14-418222.04.01.02,P1S4_181008_002_A01,Vip-IRES-Cre/wt;Ai14(RCL-tdT)/wt,418222,56.899999999999636,2018-10-05,5,Cre+,None,,3,2.0,"None, None",,2018-09-18,2018-10-08T10:23:44-07:00,56.9,1800.0,,Cell Dimmed,no,nucleus_present,-30.0,-30.0,Small Bubbles,10:57:49-07:00,10:57:20-07:00,10:59:16-07:00,P1S4_181008_002_A01,,Yes,2.0.5,,2018-10-01,Vip-IRES-Cre;Ai14-418222.04.01,VISp2/3,added C2 stimuli,,5.1,10:48:18-07:00,10:49:28-07:00,4,kristenh,,Good,SUCCESS,,2018-10-08,P1,VISp,layer 2/3,VISp2/3,,both,P1S4_181008_002_A01
Mouse,Vip-IRES-Cre;Ai14-418222.04.01.03,P1S4_181008_003_A01,Vip-IRES-Cre/wt;Ai14(RCL-tdT)/wt,418222,26.30000000000109,2018-10-05,5,Cre+,None,,3,3.0,"None, None",,2018-09-18,2018-10-08T10:23:44-07:00,26.3,2500.0,,Cell Dimmed,no,nucleus_present,-30.0,-30.0,No Bubbles,11:13:52-07:00,11:13:21-07:00,11:15:05-07:00,P1S4_181008_003_A01,,Yes,2.0.5,,2018-10-01,Vip-IRES-Cre;Ai14-418222.04.01,VISp2/3,added C2 stimuli,,5.1,11:04:47-07:00,11:05:30-07:00,4,kristenh,,Good,SUCCESS,,2018-10-08,P1,VISp,layer 2/3,VISp2/3,,both,P1S4_181008_003_A01
Mouse,Vip-IRES-Cre;Ai14-418222.04.01.01,P1S4_181008_001_A01,Vip-IRES-Cre/wt;Ai14(RCL-tdT)/wt,418222,54.70000000000073,2018-10-05,5,Cre+,None,,3,1.0,"None, None",,2018-09-18,2018-10-08T10:23:44-07:00,54.7,3500.0,,"Fluorescence in Pipette,Cell Dimmed,Cell Swelled",no,nucleus_present,-30.0,-30.0,Small Bubbles,10:39:55-07:00,10:39:21-07:00,10:41:57-07:00,P1S4_181008_001_A01,,Yes,2.0.5,,2018-10-01,Vip-IRES-Cre;Ai14-418222.04.01,VISp2/3,added C2 stimuli,,4.7,10:29:58-07:00,10:30:57-07:00,4,kristenh,,Good,SUCCESS,,2018-10-08,P1,VISp,layer 2/3,VISp2/3,,both,P1S4_181008_001_A01
Mouse,Vip-IRES-Cre;Ai14-418222.04.02.02,P8S4_181008_352_A01,Vip-IRES-Cre/wt;Ai14(RCL-tdT)/wt,418222,32.69999999999999,2018-10-05,4,Cre+,None,,3,2.0,"None, None",,2018-09-18,2018-10-08T10:28:07-07:00,32.0,1000.0,,,not_intentionally,nucleus_present,-40.0,-40.0,,11:13:20-07:00,11:09:44-07:00,11:17:55-07:00,P8S4_181008_352_A01,,Yes,2.0.5,,2018-10-01,Vip-IRES-Cre;Ai14-418222.04.02,VISp2/3,C2,,5.7,10:56:13-07:00,10:57:25-07:00,7,lindsayn,,Good,SUCCESS,,2018-10-08,P8,VISp,layer 2/3,VISp2/3,,both,P8S4_181008_352_A01
,,,,,,2018-10-05,4,Cre+,None,,3,3.0,"None, None",,2018-09-18,2018-10-08T10:28:07-07:00,34.0,10.0,,,no,nucleus_absent,-40.0,-40.0,,11:42:11-07:00,11:34:32-07:00,11:43:12-07:00,NA,,Yes,2.0.5,,2018-10-01,Vip-IRES-Cre;Ai14-418222.04.02,VISp2/3,C2,,5.8,11:25:16-07:00,11:26:13-07:00,7,lindsayn,,Good,SUCCESS,,2018-10-08,P8,VISp,layer 2/3,VISp2/3,,json_only,NA
Mouse,Vip-IRES-Cre;Ai14-418222.04.02.01,P8S4_181008_351_A01,Vip-IRES-Cre/wt;Ai14(RCL-tdT)/wt,418222,34.80000000000001,2018-10-05,4,Cre+,None,,4,1.0,"None, None",,2018-09-18,2018-10-08T10:28:07-07:00,35.0,1500.0,,,no,nucleus_present,-40.0,-40.0,,10:44:15-07:00,10:42:43-07:00,10:47:40-07:00,P8S4_181008_351_A01,,Yes,2.0.5,,2018-10-01,Vip-IRES-Cre;Ai14-418222.04.02,VISp2/3,C2,,5.4,10:32:52-07:00,10:33:56-07:00,7,lindsayn,,Good,SUCCESS,,2018-10-08,P8,VISp,layer 2/3,VISp2/3,,both,P8S4_181008_351_A01
Mouse,Pvalb-IRES-Cre;Ai14-417268.04.02.03,PAS4_181008_453_A01,Pvalb-IRES-Cre/wt;Ai14(RCL-tdT)/wt,417268,63.099999999998545,2018-10-05,3,Cre+,None,,1,4.0,"None, None",,2018-09-18,2018-10-08T11:05:01-07:00,63.1,3000.0,,"Fluorescence in Pipette,Cell Dimmed,Cell Swelled",no,nucleus_present,-39.0,-39.0,No Bubbles,12:21:08-07:00,12:20:21-07:00,12:25:22-07:00,PAS4_181008_453_A01,,Yes,2.0.5,,2018-10-01,Pvalb-IRES-Cre;Ai14-417268.04.02,VISp2/3,,,5.5,12:12:29-07:00,12:15:54-07:00,1,ramr,#Health,Good,SUCCESS,"Patch/Cell Unstable,Cell Hyperpolarized,Ended After C1",2018-10-08,PA,VISp,layer 2/3,VISp2/3,,both,PAS4_181008_453_A01
,,,,,,2018-10-05,2,Cre+,None,,1,5.0,"None, None",4-26,2018-09-18,2018-10-08T11:05:01-07:00,61.5,200.0,No seal and alexa fill leaking.,"Cell Dimmed,Cell Swelled",no,nucleus_absent,-41.0,-41.0,No Bubbles,12:46:44-07:00,12:46:13-07:00,12:50:19-07:00,NA,,Yes,2.0.5,,2018-10-01,Pvalb-IRES-Cre;Ai14-417268.04.02,VISp2/3,Reran sweeps at -69 pA holding at sweep 27. Leak upto -65 pA.,,5.9,12:37:17-07:00,12:40:18-07:00,1,ramr,#Health,Good,SUCCESS,"Patch Became Leaky,Ended After C1",2018-10-08,PA,VISp,layer 2/3,VISp2/3,,json_only,NA
Mouse,Pvalb-IRES-Cre;Ai14-417268.04.02.02,PAS4_181008_452_A01,Pvalb-IRES-Cre/wt;Ai14(RCL-tdT)/wt,417268,59.39999999999782,2018-10-05,2,Cre+,None,,2,3.0,"None, None",,2018-09-18,2018-10-08T11:05:01-07:00,59.4,200.0,Partial nucleated and alexa fill leaking.,"Cell Dimmed,Cell Swelled",not_intentionally,nucleus_present,-40.0,-40.0,No Bubbles,11:55:33-07:00,11:54:00-07:00,11:58:39-07:00,PAS4_181008_452_A01,,Yes,2.0.5,,2018-10-01,Pvalb-IRES-Cre;Ai14-417268.04.02,VISp6a,,,5.5,11:48:12-07:00,11:50:12-07:00,1,ramr,#Health,Good,SUCCESS,"Patch/Cell Unstable,Ended After C1",2018-10-08,PA,VISp,layer 6a,VISp6a,,both,PAS4_181008_452_A01
Mouse,Pvalb-IRES-Cre;Ai14-417268.04.02.01,PAS4_181008_451_A01,Pvalb-IRES-Cre/wt;Ai14(RCL-tdT)/wt,417268,53.599999999998545,2018-10-05,4,Cre+,None,,2,1.0,"None, None",,2018-09-18,2018-10-08T11:05:01-07:00,53.6,2000.0,,"Fluorescence in Pipette,Cell Dimmed,Cell Swelled",no,nucleus_present,-40.0,-40.0,No Bubbles,11:25:05-07:00,11:24:00-07:00,11:27:30-07:00,PAS4_181008_451_A01,,Yes,2.0.5,,2018-10-01,Pvalb-IRES-Cre;Ai14-417268.04.02,VISp2/3,,,5.1,11:17:17-07:00,11:20:17-07:00,1,ramr,#Health,Good,SUCCESS,Ended After C1,2018-10-08,PA,VISp,layer 2/3,VISp2/3,,both,PAS4_181008_451_A01
Mouse,Cck-IRES-Cre;Vip-IRES-FlpO;Ai65-417710.04.02.01,P8S4_181008_353_A01,Cck-IRES-Cre/wt;Vip-IRES-FlpO/wt;Ai65(RCFL-tdT)/wt,417710,46.60000000000002,2018-10-05,3,Cre+,Electroporation,channel recording,3,1.0,"None, None",,2018-09-18,2018-10-08T13:28:02-07:00,46.0,2000.0,,,no,nucleus_present,-40.0,-40.0,,13:44:15-07:00,13:42:55-07:00,13:46:11-07:00,P8S4_181008_353_A01,,Yes,2.0.5,,2018-10-01,Cck-IRES-Cre;Vip-IRES-FlpO;Ai65-417710.04.02,VISp2/3,"no C2, depolarized
froze during leak, re ran",,5.3,13:33:07-07:00,13:34:12-07:00,7,lindsayn,,Good,SUCCESS,Cell Depolarized,2018-10-08,P8,VISp,layer 2/3,VISp2/3,,both,P8S4_181008_353_A01
Mouse,Cck-IRES-Cre;Vip-IRES-FlpO;Ai65-417710.04.02.02,P8S4_181008_354_A01,Cck-IRES-Cre/wt;Vip-IRES-FlpO/wt;Ai65(RCFL-tdT)/wt,417710,43.5,2018-10-05,3,Cre+,None,,3,2.0,"None, None",,2018-09-18,2018-10-08T13:28:02-07:00,43.0,200.0,,,intentionally,nucleus_present,-40.0,-40.0,,14:09:58-07:00,14:07:59-07:00,14:12:43-07:00,P8S4_181008_354_A01,,Yes,2.0.5,,2018-10-01,Cck-IRES-Cre;Vip-IRES-FlpO;Ai65-417710.04.02,VISp2/3,C2,,4.9,13:58:40-07:00,13:59:48-07:00,7,lindsayn,,Good,SUCCESS,,2018-10-08,P8,VISp,layer 2/3,VISp2/3,,both,P8S4_181008_354_A01
Mouse,Cck-IRES-Cre;Vip-IRES-FlpO;Ai65-417710.04.01.01,PAS4_181008_454_A01,Cck-IRES-Cre/wt;Vip-IRES-FlpO/wt;Ai65(RCFL-tdT)/wt,417710,36.099999999998545,2018-10-05,3,Cre+,None,,2,2.0,"None, None",,2018-09-18,2018-10-08T13:48:09-07:00,36.1,3000.0,,"Fluorescence in Pipette,Cell Dimmed",no,nucleus_present,-33.0,-33.0,No Bubbles,14:22:35-07:00,14:21:41-07:00,14:25:26-07:00,PAS4_181008_454_A01,,Yes,2.0.5,,2018-10-01,Cck-IRES-Cre;Vip-IRES-FlpO;Ai65-417710.04.01,VISp2/3,,,4.6,14:16:41-07:00,14:18:22-07:00,1,ramr,#Health,'Wave of Death',SUCCESS,"Patch/Cell Unstable,Access Resistance Increased,Ended After C1,'Wave of Death'",2018-10-08,PA,VISp,layer 2/3,VISp2/3,,both,PAS4_181008_454_A01
,,,,,,2018-10-05,2,Cre+,None,,2,2.0,"None, None","37-43, 47",2018-09-18,2018-10-08T14:49:34-07:00,55.1,4.3,No seal but alexa fill visible.,"Cell Dimmed,Cell Swelled",no,nucleus_absent,-32.0,-32.0,No Bubbles,15:39:54-07:00,15:39:03-07:00,15:48:19-07:00,NA,,Yes,2.0.5,,2018-10-01,Cck-IRES-Cre;Vip-IRES-FlpO;Ai65-417710.03.01,VISp2/3,"X7 sweep, APs not firing but passed QC.",,5.1,15:27:45-07:00,15:29:55-07:00,1,ramr,#Health,'Wave of Death',SUCCESS,"Patch/Cell Unstable,Ended After C1,'Wave of Death'",2018-10-08,PA,VISp,layer 2/3,VISp2/3,,json_only,NA
Mouse,Cck-IRES-Cre;Vip-IRES-FlpO;Ai65-417710.03.01.01,PAS4_181008_455_A01,Cck-IRES-Cre/wt;Vip-IRES-FlpO/wt;Ai65(RCFL-tdT)/wt,417710,55.0,2018-10-05,2,Cre+,None,,2,1.0,"None, None",11,2018-09-18,2018-10-08T14:49:34-07:00,55.0,2000.0,,"Fluorescence in Pipette,Cell Dimmed,Cell Shrunk",no,nucleus_present,-30.0,-30.0,No Bubbles,15:10:59-07:00,15:10:17-07:00,15:15:56-07:00,PAS4_181008_455_A01,,Yes,2.0.5,,2018-10-01,Cck-IRES-Cre;Vip-IRES-FlpO;Ai65-417710.03.01,VISp2/3,,,4.6,15:03:21-07:00,15:05:21-07:00,1,ramr,#Health,'Wave of Death',SUCCESS,"Patch/Cell Unstable,Ended After C1",2018-10-08,PA,VISp,layer 2/3,VISp2/3,,both,PAS4_181008_455_A01
Mouse,Cck-IRES-Cre;Vip-IRES-FlpO;Ai65-417710.05.02.02,P8S4_181008_356_A01,Cck-IRES-Cre/wt;Vip-IRES-FlpO/wt;Ai65(RCFL-tdT)/wt,417710,46.400000000000006,2018-10-05,3,Cre+,Electroporation,channel recording,2,2.0,"None, None",,2018-09-18,2018-10-08T14:56:25-07:00,46.0,1500.0,,,no,nucleus_present,-40.0,-40.0,,15:45:06-07:00,15:42:36-07:00,15:49:33-07:00,P8S4_181008_356_A01,,Yes,2.0.5,,2018-10-01,Cck-IRES-Cre;Vip-IRES-FlpO;Ai65-417710.05.02,VISp2/3,"a bit noisy
C2
lost channel recording seal during leaks",,5.4,15:34:12-07:00,15:35:09-07:00,7,lindsayn,,Good,SUCCESS,,2018-10-08,P8,VISp,layer 2/3,VISp2/3,,both,P8S4_181008_356_A01
Mouse,Cck-IRES-Cre;Vip-IRES-FlpO;Ai65-417710.05.02.01,P8S4_181008_355_A01,Cck-IRES-Cre/wt;Vip-IRES-FlpO/wt;Ai65(RCFL-tdT)/wt,417710,40.0,2018-10-05,3,Cre+,Electroporation,channel recording,2,1.0,"None, None",,2018-09-18,2018-10-08T14:56:25-07:00,40.0,2000.0,,,no,nucleus_present,-40.0,-40.0,,15:08:48-07:00,15:07:16-07:00,15:12:19-07:00,P8S4_181008_355_A01,,Yes,2.0.5,,2018-10-01,Cck-IRES-Cre;Vip-IRES-FlpO;Ai65-417710.05.02,VISp2/3,C2,,5.9,14:57:07-07:00,14:58:23-07:00,7,lindsayn,,Good,SUCCESS,,2018-10-08,P8,VISp,layer 2/3,VISp2/3,,both,P8S4_181008_355_A01
Mouse,Vip-IRES-Cre;Ai14-418225.04.01.04,P1S4_181009_004_A01,Vip-IRES-Cre/wt;Ai14(RCL-tdT)/wt,418225,20.899999999999636,2018-10-08,4,Cre+,None,,3,5.0,"None, None",,2018-09-18,2018-10-09T09:50:26-07:00,20.9,4000.0,,Fluorescence in Pipette,no,nucleus_present,-30.0,-30.0,,11:21:36-07:00,11:21:13-07:00,11:22:31-07:00,P1S4_181009_004_A01,,Yes,2.0.5,,2018-10-01,Vip-IRES-Cre;Ai14-418225.04.01,VISp2/3,added C2 stimuli,,4.6,11:11:01-07:00,11:12:11-07:00,4,kristenh,,Good,SUCCESS,,2018-10-09,P1,VISp,layer 2/3,VISp2/3,,both,P1S4_181009_004_A01
Mouse,Vip-IRES-Cre;Ai14-418225.04.01.01,P1S4_181009_001_A01,Vip-IRES-Cre/wt;Ai14(RCL-tdT)/wt,418225,53.400000000001455,2018-10-08,4,Cre+,None,,3,2.0,"None, None",,2018-09-18,2018-10-09T09:50:26-07:00,53.4,2000.0,,"Fluorescence in Pipette,Cell Shrunk",no,nucleus_present,-25.0,-25.0,No Bubbles,10:22:32-07:00,10:22:08-07:00,10:23:55-07:00,P1S4_181009_001_A01,,Yes,2.0.5,,2018-10-01,Vip-IRES-Cre;Ai14-418225.04.01,VISp2/3,added C2 stimuli,,4.3,10:09:17-07:00,10:10:04-07:00,4,kristenh,,Good,SUCCESS,,2018-10-09,P1,VISp,layer 2/3,VISp2/3,,both,P1S4_181009_001_A01
Mouse,Vip-IRES-Cre;Ai14-418225.04.01.05,P1S4_181009_005_A01,Vip-IRES-Cre/wt;Ai14(RCL-tdT)/wt,418225,51.600000000000364,2018-10-08,5,Cre+,None,,2,8.0,"None, None",,2018-09-18,2018-10-09T09:50:26-07:00,51.6,1200.0,,"Fluorescence in Pipette,Cell Dimmed",no,nucleus_present,-30.0,-30.0,No Bubbles,11:54:32-07:00,11:53:51-07:00,11:56:24-07:00,P1S4_181009_005_A01,,Yes,2.0.5,,2018-10-01,Vip-IRES-Cre;Ai14-418225.04.01,VISp4,added C2 stimuli,,4.2,11:46:51-07:00,11:47:32-07:00,4,kristenh,,Good,SUCCESS,,2018-10-09,P1,VISp,layer 4,VISp4,,both,P1S4_181009_005_A01
Mouse,Vip-IRES-Cre;Ai14-418225.04.01.03,P1S4_181009_003_A01,Vip-IRES-Cre/wt;Ai14(RCL-tdT)/wt,418225,24.700000000000728,2018-10-08,4,Cre+,None,,3,4.0,"None, None",,2018-09-18,2018-10-09T09:50:26-07:00,24.7,2000.0,,,no,nucleus_present,-30.0,-30.0,No Bubbles,10:58:07-07:00,10:57:27-07:00,10:59:09-07:00,P1S4_181009_003_A01,,Yes,2.0.5,,2018-10-01,Vip-IRES-Cre;Ai14-418225.04.01,VISp2/3,added C2 stimuli,,5.3,10:47:37-07:00,10:48:33-07:00,4,kristenh,,Good,SUCCESS,,2018-10-09,P1,VISp,layer 2/3,VISp2/3,,both,P1S4_181009_003_A01
Mouse,Vip-IRES-Cre;Ai14-418225.04.01.02,P1S4_181009_002_A01,Vip-IRES-Cre/wt;Ai14(RCL-tdT)/wt,418225,32.0,2018-10-08,5,Cre+,None,,3,3.0,"None, None",,2018-09-18,2018-10-09T09:50:26-07:00,32.0,2500.0,,Fluorescence in Pipette,no,nucleus_present,-30.0,-30.0,Small Bubbles,10:40:08-07:00,10:39:32-07:00,10:41:03-07:00,P1S4_181009_002_A01,,Yes,2.0.5,,2018-10-01,Vip-IRES-Cre;Ai14-418225.04.01,VISp2/3,added C2 stimuli,,4.6,10:29:47-07:00,10:30:38-07:00,4,kristenh,,Good,SUCCESS,,2018-10-09,P1,VISp,layer 2/3,VISp2/3,,both,P1S4_181009_002_A01
Mouse,Vip-IRES-Cre;Ai14-418225.05.02.01,PBS4_181009_501_A01,Vip-IRES-Cre/wt;Ai14(RCL-tdT)/wt,418225,93.39999999999964,2018-10-08,2,Cre+,None,,2,1.0,"None, None",,2018-09-18,2018-10-09T12:39:42-07:00,93.0,84.0,,,not_intentionally,nucleus_present,-30.0,-30.0,,13:02:25-07:00,13:01:32-07:00,13:02:26-07:00,PBS4_181009_501_A01,,Yes,2.0.5,,2018-10-01,Vip-IRES-Cre;Ai14-418225.05.02,VISp4,,,5.0,12:48:10-07:00,12:49:50-07:00,3,dijonh,,Good,SUCCESS,,2018-10-09,PB,VISp,layer 4,VISp4,,both,PBS4_181009_501_A01
Mouse,Cck-IRES-Cre;Vip-IRES-FlpO;Ai65-417711.04.02.02,P8S4_181009_352_A01,Cck-IRES-Cre/wt;Vip-IRES-FlpO/wt;Ai65(RCFL-tdT)/wt,417711,33.2,2018-10-08,4,Cre+,Electroporation,channel recording,2,2.0,"None, None",,2018-09-18,2018-10-09T12:53:48-07:00,33.0,2000.0,,,no,nucleus_present,-40.0,-40.0,,13:39:36-07:00,13:37:56-07:00,13:42:52-07:00,P8S4_181009_352_A01,,Yes,2.0.5,,2018-10-01,Cck-IRES-Cre;Vip-IRES-FlpO;Ai65-417711.04.02,VISp2/3,C2,,5.5,13:28:48-07:00,13:30:14-07:00,7,lindsayn,,Good,SUCCESS,,2018-10-09,P8,VISp,layer 2/3,VISp2/3,,both,P8S4_181009_352_A01
Mouse,Cck-IRES-Cre;Vip-IRES-FlpO;Ai65-417711.04.02.01,P8S4_181009_351_A01,Cck-IRES-Cre/wt;Vip-IRES-FlpO/wt;Ai65(RCFL-tdT)/wt,417711,44.400000000000006,2018-10-08,3,Cre+,None,,2,1.0,"None, None",,2018-09-18,2018-10-09T12:53:48-07:00,44.0,200.0,,,no,nucleus_present,-40.0,-40.0,,13:13:56-07:00,13:11:42-07:00,13:19:58-07:00,P8S4_181009_351_A01,,Yes,2.0.5,,2018-10-01,Cck-IRES-Cre;Vip-IRES-FlpO;Ai65-417711.04.02,VISp2/3,C2,,5.4,13:01:01-07:00,13:02:36-07:00,7,lindsayn,,Good,SUCCESS,,2018-10-09,P8,VISp,layer 2/3,VISp2/3,,both,P8S4_181009_351_A01
,,,,,,2018-10-08,3,Cre+,None,,2,3.0,"None, None",,2018-09-18,2018-10-09T13:06:33-07:00,92.0,4.0,,,not_intentionally,nucleus_present,-25.0,-25.0,,13:40:06-07:00,13:39:14-07:00,13:40:06-07:00,NA,,No,2.0.5,,2018-10-01,Pvalb-IRES-Cre;Ai14-418120.05.02,VISp2/3,,,4.4,13:33:54-07:00,13:34:53-07:00,3,dijonh,,Good,SUCCESS,,2018-10-09,PB,VISp,layer 2/3,VISp2/3,,json_only,NA
Mouse,Pvalb-IRES-Cre;Ai14-418120.05.02.01,PBS4_181009_502_A01,Pvalb-IRES-Cre/wt;Ai14(RCL-tdT)/wt,418120,103.19999999999891,2018-10-08,2,Cre+,None,,3,1.0,"None, None",,2018-09-18,2018-10-09T13:06:33-07:00,103.0,90.0,,,not_intentionally,nucleus_present,-30.0,-30.0,,13:22:40-07:00,13:21:57-07:00,13:22:40-07:00,PBS4_181009_502_A01,,No,2.0.5,,2018-10-01,Pvalb-IRES-Cre;Ai14-418120.05.02,VISp4,,,4.5,13:11:30-07:00,13:13:55-07:00,3,dijonh,,Good,SUCCESS,Cell Hyperpolarized,2018-10-09,PB,VISp,layer 4,VISp4,,both,PBS4_181009_502_A01
,,,,,,2018-10-08,3,Cre+,None,,2,1.0,"None, None",,2018-09-18,2018-10-09T13:17:31-07:00,56.8,1000.0,Outside-out and alexa fill visible.,"Cell Dimmed,Cell Swelled",no,nucleus_absent,-40.0,-40.0,No Bubbles,13:33:13-07:00,13:32:31-07:00,13:38:43-07:00,NA,,Yes,2.0.5,,2018-10-01,Cck-IRES-Cre;Vip-IRES-FlpO;Ai65-417711.04.01,VISp2/3,,,5.4,13:26:22-07:00,13:28:54-07:00,1,ramr,#Health,'Wave of Death',SUCCESS,"Cell Depolarized,Ended After C1",2018-10-09,PA,VISp,layer 2/3,VISp2/3,,json_only,NA
Mouse,Cck-IRES-Cre;Vip-IRES-FlpO;Ai65-417711.03.01.01,PBS4_181009_503_A01,Cck-IRES-Cre/wt;Vip-IRES-FlpO/wt;Ai65(RCFL-tdT)/wt,417711,69.69999999999891,2018-10-08,3,Cre+,None,,2,2.0,"None, None",,2018-09-18,2018-10-09T13:53:40-07:00,69.0,2000.0,,,no,nucleus_present,-33.0,-33.0,,14:15:30-07:00,14:14:40-07:00,14:15:30-07:00,PBS4_181009_503_A01,,Yes,2.0.5,,2018-10-01,Cck-IRES-Cre;Vip-IRES-FlpO;Ai65-417711.03.01,VISp4,,,4.0,14:04:05-07:00,14:08:47-07:00,3,dijonh,,'Wave of Death',SUCCESS,,2018-10-09,PB,VISp,layer 4,VISp4,,both,PBS4_181009_503_A01
Mouse,Cck-IRES-Cre;Vip-IRES-FlpO;Ai65-417711.03.02.01,P8S4_181009_353_A01,Cck-IRES-Cre/wt;Vip-IRES-FlpO/wt;Ai65(RCFL-tdT)/wt,417711,48.099999999999994,2018-10-08,4,Cre+,Electroporation,channel recording,3,1.0,"None, None",,2018-09-18,2018-10-09T14:17:29-07:00,40.0,2000.0,,,no,nucleus_present,-40.0,-40.0,,14:45:27-07:00,14:43:28-07:00,14:48:17-07:00,P8S4_181009_353_A01,,Yes,2.0.5,,2018-10-01,Cck-IRES-Cre;Vip-IRES-FlpO;Ai65-417711.03.02,VISp2/3,C2,,4.4,14:22:29-07:00,14:24:17-07:00,7,lindsayn,,Good,SUCCESS,,2018-10-09,P8,VISp,layer 2/3,VISp2/3,,both,P8S4_181009_353_A01
Mouse,Pvalb-IRES-Cre;Ai14-418120.06.02.01,PAS4_181009_451_A01,Pvalb-IRES-Cre/wt;Ai14(RCL-tdT)/wt,418120,56.89999999999782,2018-10-08,4,Cre+,None,,2,1.0,"None, None",,2018-09-18,2018-10-09T14:23:18-07:00,56.9,150.0,Partial nucleated and alexa fill leaking.,"Fluorescence in Pipette,Cell Dimmed,Cell Swelled",not_intentionally,nucleus_present,-33.0,-33.0,No Bubbles,14:52:08-07:00,14:51:37-07:00,14:56:16-07:00,PAS4_181009_451_A01,,Yes,2.0.5,,2018-10-01,Pvalb-IRES-Cre;Ai14-418120.06.02,VISp2/3,,,3.9,14:46:02-07:00,14:48:00-07:00,1,ramr,#Health,'Wave of Death',SUCCESS,"Cell Hyperpolarized,Ended After C1",2018-10-09,PA,VISp,layer 2/3,VISp2/3,,both,PAS4_181009_451_A01
Mouse,Pvalb-IRES-Cre;Ai14-418120.06.02.02,PAS4_181009_452_A01,Pvalb-IRES-Cre/wt;Ai14(RCL-tdT)/wt,418120,55.39999999999782,2018-10-08,2,Cre+,None,,1,3.0,"None, None",,2018-09-18,2018-10-09T14:23:18-07:00,55.4,300.0,Partial nucleated and alexa fill visible.,"Cell Dimmed,Cell Swelled",not_intentionally,nucleus_present,-10.0,-10.0,No Bubbles,15:32:24-07:00,15:32:18-07:00,15:36:37-07:00,PAS4_181009_452_A01,,Yes,2.0.5,,2018-10-01,Pvalb-IRES-Cre;Ai14-418120.06.02,VISp4,"X7 sweep, APs not firing but ",,4.6,15:23:10-07:00,15:25:35-07:00,1,ramr,#Health,'Wave of Death',SUCCESS,"Patch/Cell Unstable,Cell Depolarized,Ended After C1",2018-10-09,PA,VISp,layer 4,VISp4,,both,PAS4_181009_452_A01
Mouse,Pvalb-IRES-Cre;Ai14-418120.03.01.01,PBS4_181009_504_A01,Pvalb-IRES-Cre/wt;Ai14(RCL-tdT)/wt,418120,73.0,2018-10-08,3,Cre+,None,,4,1.0,"None, None",,2018-09-18,2018-10-09T14:43:48-07:00,73.0,56.0,,,no,nucleus_present,-30.0,-30.0,,14:56:29-07:00,14:55:15-07:00,14:56:29-07:00,PBS4_181009_504_A01,,Yes,2.0.5,,2018-10-01,Pvalb-IRES-Cre;Ai14-418120.03.01,VISp6a,,,4.0,14:46:00-07:00,14:47:44-07:00,3,dijonh,,Good,SUCCESS,,2018-10-09,PB,VISp,layer 6a,VISp6a,,both,PBS4_181009_504_A01
,,,,,,2018-10-08,3,Cre+,None,,4,3.0,"None, None",,2018-09-18,2018-10-09T14:43:48-07:00,103.0,0.0,,,not_intentionally,nucleus_absent,-27.0,-27.0,,15:12:08-07:00,15:10:56-07:00,15:12:08-07:00,NA,,Yes,2.0.5,,2018-10-01,Pvalb-IRES-Cre;Ai14-418120.03.01,VISp4,,,2.5,15:04:30-07:00,15:06:38-07:00,3,dijonh,,Good,SUCCESS,,2018-10-09,PB,VISp,layer 4,VISp4,,json_only,NA
Mouse,Pvalb-IRES-Cre;Ai14-418120.03.01.04,PBS4_181009_506_A01,Pvalb-IRES-Cre/wt;Ai14(RCL-tdT)/wt,418120,89.5,2018-10-08,2,Cre+,None,,3,5.0,"None, None",,2018-09-18,2018-10-09T14:43:48-07:00,90.0,90.0,,,no,nucleus_present,-33.0,-33.0,,15:47:36-07:00,15:46:19-07:00,15:47:36-07:00,PBS4_181009_506_A01,,Yes,2.0.5,,2018-10-01,Pvalb-IRES-Cre;Ai14-418120.03.01,VISp5,,,4.0,15:36:57-07:00,15:38:54-07:00,3,dijonh,,Good,SUCCESS,,2018-10-09,PB,VISp,layer 5,VISp5,,both,PBS4_181009_506_A01
Mouse,Pvalb-IRES-Cre;Ai14-418120.03.01.03,PBS4_181009_505_A01,Pvalb-IRES-Cre/wt;Ai14(RCL-tdT)/wt,418120,93.5,2018-10-08,3,Cre+,None,,4,4.0,"None, None",,2018-09-18,2018-10-09T14:43:48-07:00,94.0,100.0,,,not_intentionally,nucleus_present,-33.0,-33.0,,15:24:29-07:00,15:23:22-07:00,15:24:30-07:00,PBS4_181009_505_A01,,Yes,2.0.5,,2018-10-01,Pvalb-IRES-Cre;Ai14-418120.03.01,VISp2/3,,,4.7,15:15:39-07:00,15:17:17-07:00,3,dijonh,,Good,SUCCESS,,2018-10-09,PB,VISp,layer 2/3,VISp2/3,,both,PBS4_181009_505_A01
Mouse,Cck-IRES-Cre;Vip-IRES-FlpO;Ai65-417711.02.02.01,P8S4_181009_354_A01,Cck-IRES-Cre/wt;Vip-IRES-FlpO/wt;Ai65(RCFL-tdT)/wt,417711,53.89999999999998,2018-10-08,4,Cre+,Electroporation,channel recording,2,2.0,"None, None",,2018-09-18,2018-10-09T15:21:29-07:00,54.0,2500.0,,,no,nucleus_present,-40.0,-40.0,,15:52:36-07:00,15:49:55-07:00,15:56:53-07:00,P8S4_181009_354_A01,,Yes,2.0.5,,2018-10-01,Cck-IRES-Cre;Vip-IRES-FlpO;Ai65-417711.02.02,VISp5,"C2
froze during channel recording leaks, recovered",,5.2,15:40:59-07:00,15:42:23-07:00,7,lindsayn,,Good,SUCCESS,,2018-10-09,P8,VISp,layer 5,VISp5,,both,P8S4_181009_354_A01
Mouse,Cck-IRES-Cre;Vip-IRES-FlpO;Ai65-417711.02.02.02,P8S4_181009_355_A01,Cck-IRES-Cre/wt;Vip-IRES-FlpO/wt;Ai65(RCFL-tdT)/wt,417711,68.29999999999998,2018-10-08,3,Cre+,None,,2,3.0,"None, None",,2018-09-18,2018-10-09T15:21:29-07:00,68.0,1500.0,,,not_intentionally,nucleus_present,-40.0,-40.0,,16:24:01-07:00,16:22:09-07:00,16:27:55-07:00,P8S4_181009_355_A01,,Yes,2.0.5,,2018-10-01,Cck-IRES-Cre;Vip-IRES-FlpO;Ai65-417711.02.02,VISp2/3,"C2
nucleus too sucked in for channel recording",,5.9,16:10:26-07:00,16:12:54-07:00,7,lindsayn,,Good,SUCCESS,,2018-10-09,P8,VISp,layer 2/3,VISp2/3,,both,P8S4_181009_355_A01
Mouse,Sst-IRES-Cre;Ai14-416484.03.01.04,PES4_181005_655_A01,Sst-IRES-Cre/wt;Ai14(RCL-tdT)/wt,416484,41.5,,,,,,,,,,,,,,,,,,,,,,,,,,,,,,,,,,,,,,,,,,,,,,,,,lims_only,PES4_181005_655_A01
Mouse,Pvalb-IRES-Cre;Ai14-417268.05.02.05,PES4_181008_654_A01,Pvalb-IRES-Cre/wt;Ai14(RCL-tdT)/wt,417268,48.600000000000364,,,,,,,,,,,,,,,,,,,,,,,,,,,,,,,,,,,,,,,,,,,,,,,,,lims_only,PES4_181008_654_A01
Mouse,Crh-IRES-Cre_ZJH;Sst-IRES-FlpO;Ai65-416722.06.02.01,PES4_181001_651_A01,Crh-IRES-Cre_ZJH/wt;Sst-IRES-FlpO/wt;Ai65(RCFL-tdT)/wt,416722,91.5,,,,,,,,,,,,,,,,,,,,,,,,,,,,,,,,,,,,,,,,,,,,,,,,,lims_only,PES4_181001_651_A01
Mouse,Sst-IRES-Cre;Ai14-416484.03.01.05,PES4_181005_656_A01,Sst-IRES-Cre/wt;Ai14(RCL-tdT)/wt,416484,59.5,,,,,,,,,,,,,,,,,,,,,,,,,,,,,,,,,,,,,,,,,,,,,,,,,lims_only,PES4_181005_656_A01
Mouse,Cck-IRES-Cre;Vip-IRES-FlpO;Ai65-417710.05.01.01,PFS4_181008_704_A01,Cck-IRES-Cre/wt;Vip-IRES-FlpO/wt;Ai65(RCFL-tdT)/wt,417710,34.599999999998545,,,,,,,,,,,,,,,,,,,,,,,,,,,,,,,,,,,,,,,,,,,,,,,,,lims_only,PFS4_181008_704_A01
Mouse,Sst-IRES-Cre;Ai14-416135.02.02.02,PES4_181002_656_A01,Sst-IRES-Cre/wt;Ai14(RCL-tdT)/wt,416135,59.600000000000364,,,,,,,,,,,,,,,,,,,,,,,,,,,,,,,,,,,,,,,,,,,,,,,,,lims_only,PES4_181002_656_A01
Mouse,Sst-IRES-Cre;Ai14-416125.04.01.04,PFS4_181002_702_A01,Sst-IRES-Cre/wt;Ai14(RCL-tdT)/wt,416125,54.400000000001455,,,,,,,,,,,,,,,,,,,,,,,,,,,,,,,,,,,,,,,,,,,,,,,,,lims_only,PFS4_181002_702_A01
Mouse,Sst-IRES-Cre;Ai14-416484.03.01.01,PES4_181005_652_A01,Sst-IRES-Cre/wt;Ai14(RCL-tdT)/wt,416484,53.400000000001455,,,,,,,,,,,,,,,,,,,,,,,,,,,,,,,,,,,,,,,,,,,,,,,,,lims_only,PES4_181005_652_A01
Mouse,Sst-IRES-Cre;Ai14-416135.05.02.01,PES4_181002_654_A01,Sst-IRES-Cre/wt;Ai14(RCL-tdT)/wt,416135,55.600000000000364,,,,,,,,,,,,,,,,,,,,,,,,,,,,,,,,,,,,,,,,,,,,,,,,,lims_only,PES4_181002_654_A01
Mouse,Sst-IRES-Cre;Ai14-416484.04.01.06,PFS4_181005_706_A01,Sst-IRES-Cre/wt;Ai14(RCL-tdT)/wt,416484,47.20000000000073,,,,,,,,,,,,,,,,,,,,,,,,,,,,,,,,,,,,,,,,,,,,,,,,,lims_only,PFS4_181005_706_A01
Mouse,Cck-IRES-Cre;Vip-IRES-FlpO;Ai65-417711.05.01.01,PES4_181009_651_A01,Cck-IRES-Cre/wt;Vip-IRES-FlpO/wt;Ai65(RCFL-tdT)/wt,417711,42.70000000000073,,,,,,,,,,,,,,,,,,,,,,,,,,,,,,,,,,,,,,,,,,,,,,,,,lims_only,PES4_181009_651_A01
Mouse,Crh-IRES-Cre_ZJH;Sst-IRES-FlpO;Ai65-416722.06.02.02,PES4_181001_652_A01,Crh-IRES-Cre_ZJH/wt;Sst-IRES-FlpO/wt;Ai65(RCFL-tdT)/wt,416722,91.79999999999927,,,,,,,,,,,,,,,,,,,,,,,,,,,,,,,,,,,,,,,,,,,,,,,,,lims_only,PES4_181001_652_A01
Mouse,Pvalb-IRES-Cre;Ai14-417268.05.02.03,PES4_181008_652_A01,Pvalb-IRES-Cre/wt;Ai14(RCL-tdT)/wt,417268,74.70000000000073,,,,,,,,,,,,,,,,,,,,,,,,,,,,,,,,,,,,,,,,,,,,,,,,,lims_only,PES4_181008_652_A01
Mouse,Sst-IRES-Cre;Ai14-416131.05.02.02,PES4_181003_652_A01,Sst-IRES-Cre/wt;Ai14(RCL-tdT)/wt,416131,58.400000000001455,,,,,,,,,,,,,,,,,,,,,,,,,,,,,,,,,,,,,,,,,,,,,,,,,lims_only,PES4_181003_652_A01
Mouse,Cck-IRES-Cre;Vip-IRES-FlpO;Ai65-417710.02.01.02,PES4_181008_655_A01,Cck-IRES-Cre/wt;Vip-IRES-FlpO/wt;Ai65(RCFL-tdT)/wt,417710,74.30000000000109,,,,,,,,,,,,,,,,,,,,,,,,,,,,,,,,,,,,,,,,,,,,,,,,,lims_only,PES4_181008_655_A01
Mouse,Sst-IRES-Cre;Ai14-416135.03.02.05,PFS4_181002_706_A01,Sst-IRES-Cre/wt;Ai14(RCL-tdT)/wt,416135,42.5,,,,,,,,,,,,,,,,,,,,,,,,,,,,,,,,,,,,,,,,,,,,,,,,,lims_only,PFS4_181002_706_A01
Mouse,Sst-IRES-Cre;Ai14-416125.03.01.01,PES4_181002_651_A01,Sst-IRES-Cre/wt;Ai14(RCL-tdT)/wt,416125,71.20000000000073,,,,,,,,,,,,,,,,,,,,,,,,,,,,,,,,,,,,,,,,,,,,,,,,,lims_only,PES4_181002_651_A01
Mouse,Sst-IRES-Cre;Ai14-416131.04.02.02,PFS4_181003_702_A01,Sst-IRES-Cre/wt;Ai14(RCL-tdT)/wt,416131,37.79999999999927,,,,,,,,,,,,,,,,,,,,,,,,,,,,,,,,,,,,,,,,,,,,,,,,,lims_only,PFS4_181003_702_A01
Mouse,Cck-IRES-Cre;Vip-IRES-FlpO;Ai65-417711.02.01.01,PES4_181009_653_A01,Cck-IRES-Cre/wt;Vip-IRES-FlpO/wt;Ai65(RCFL-tdT)/wt,417711,68.10000000000036,,,,,,,,,,,,,,,,,,,,,,,,,,,,,,,,,,,,,,,,,,,,,,,,,lims_only,PES4_181009_653_A01
Mouse,Vip-IRES-Cre;Ai14-418225.05.01.03,PFS4_181009_702_A01,Vip-IRES-Cre/wt;Ai14(RCL-tdT)/wt,418225,61.5,,,,,,,,,,,,,,,,,,,,,,,,,,,,,,,,,,,,,,,,,,,,,,,,,lims_only,PFS4_181009_702_A01
Mouse,Sst-IRES-Cre;Ai14-416135.02.02.03,PES4_181002_657_A01,Sst-IRES-Cre/wt;Ai14(RCL-tdT)/wt,416135,62.599999999998545,,,,,,,,,,,,,,,,,,,,,,,,,,,,,,,,,,,,,,,,,,,,,,,,,lims_only,PES4_181002_657_A01
Mouse,Vip-IRES-Cre;Npy-IRES2-FlpO;Ai65-416938.03.02.03,PFS4_181005_702_A01,Vip-IRES-Cre/wt;Npy-IRES2-FlpO/wt;Ai65(RCFL-tdT)/wt,416938,57.69999999999709,,,,,,,,,,,,,,,,,,,,,,,,,,,,,,,,,,,,,,,,,,,,,,,,,lims_only,PFS4_181005_702_A01
Mouse,Cck-IRES-Cre;Vip-IRES-FlpO;Ai65-417710.02.02.01,PFS4_181008_707_A01,Cck-IRES-Cre/wt;Vip-IRES-FlpO/wt;Ai65(RCFL-tdT)/wt,417710,39.29999999999927,,,,,,,,,,,,,,,,,,,,,,,,,,,,,,,,,,,,,,,,,,,,,,,,,lims_only,PFS4_181008_707_A01
Human,H18.06.365.11.10.01.04,PES4_181003_653_A01,,H18.06.365,68.5,,,,,,,,,,,,,,,,,,,,,,,,,,,,,,,,,,,,,,,,,,,,,,,,,lims_only,PES4_181003_653_A01
Mouse,Sst-IRES-Cre;Ai14-416125.04.01.05,PFS4_181002_703_A01,Sst-IRES-Cre/wt;Ai14(RCL-tdT)/wt,416125,48.20000000000073,,,,,,,,,,,,,,,,,,,,,,,,,,,,,,,,,,,,,,,,,,,,,,,,,lims_only,PFS4_181002_703_A01
Mouse,Sst-IRES-Cre;Ai14-416125.04.01.03,PFS4_181002_701_A01,Sst-IRES-Cre/wt;Ai14(RCL-tdT)/wt,416125,67.89999999999782,,,,,,,,,,,,,,,,,,,,,,,,,,,,,,,,,,,,,,,,,,,,,,,,,lims_only,PFS4_181002_701_A01
Mouse,Sst-IRES-Cre;Ai14-416135.03.02.01,PFS4_181002_704_A01,Sst-IRES-Cre/wt;Ai14(RCL-tdT)/wt,416135,53.79999999999927,,,,,,,,,,,,,,,,,,,,,,,,,,,,,,,,,,,,,,,,,,,,,,,,,lims_only,PFS4_181002_704_A01
Mouse,Sst-IRES-Cre;Ai14-416135.02.02.01,PES4_181002_655_A01,Sst-IRES-Cre/wt;Ai14(RCL-tdT)/wt,416135,44.0,,,,,,,,,,,,,,,,,,,,,,,,,,,,,,,,,,,,,,,,,,,,,,,,,lims_only,PES4_181002_655_A01
Mouse,Sst-IRES-Cre;Ai14-416484.04.01.05,PFS4_181005_705_A01,Sst-IRES-Cre/wt;Ai14(RCL-tdT)/wt,416484,35.29999999999927,,,,,,,,,,,,,,,,,,,,,,,,,,,,,,,,,,,,,,,,,,,,,,,,,lims_only,PFS4_181005_705_A01
Mouse,Sst-IRES-Cre;Ai14-416131.04.02.05,PFS4_181003_704_A01,Sst-IRES-Cre/wt;Ai14(RCL-tdT)/wt,416131,44.0,,,,,,,,,,,,,,,,,,,,,,,,,,,,,,,,,,,,,,,,,,,,,,,,,lims_only,PFS4_181003_704_A01
Mouse,Sst-IRES-Cre;Ai14-416120.03.01.02,PFS4_181001_701_A01,Sst-IRES-Cre/wt;Ai14(RCL-tdT)/wt,416120,43.19999999999709,,,,,,,,,,,,,,,,,,,,,,,,,,,,,,,,,,,,,,,,,,,,,,,,,lims_only,PFS4_181001_701_A01
Mouse,Sst-IRES-Cre;Ai14-416120.03.01.03,PFS4_181001_702_A01,Sst-IRES-Cre/wt;Ai14(RCL-tdT)/wt,416120,67.5,,,,,,,,,,,,,,,,,,,,,,,,,,,,,,,,,,,,,,,,,,,,,,,,,lims_only,PFS4_181001_702_A01
Mouse,Sst-IRES-Cre;Ai14-416131.05.02.01,PES4_181003_651_A01,Sst-IRES-Cre/wt;Ai14(RCL-tdT)/wt,416131,36.70000000000073,,,,,,,,,,,,,,,,,,,,,,,,,,,,,,,,,,,,,,,,,,,,,,,,,lims_only,PES4_181003_651_A01
Mouse,Cck-IRES-Cre;Vip-IRES-FlpO;Ai65-417710.02.01.04,PES4_181008_657_A01,Cck-IRES-Cre/wt;Vip-IRES-FlpO/wt;Ai65(RCFL-tdT)/wt,417710,57.69999999999891,,,,,,,,,,,,,,,,,,,,,,,,,,,,,,,,,,,,,,,,,,,,,,,,,lims_only,PES4_181008_657_A01
Mouse,Sst-IRES-Cre;Ai14-416131.04.02.01,PFS4_181003_701_A01,Sst-IRES-Cre/wt;Ai14(RCL-tdT)/wt,416131,39.10000000000218,,,,,,,,,,,,,,,,,,,,,,,,,,,,,,,,,,,,,,,,,,,,,,,,,lims_only,PFS4_181003_701_A01
Mouse,Sst-IRES-Cre;Ai14-416125.03.01.02,PES4_181002_652_A01,Sst-IRES-Cre/wt;Ai14(RCL-tdT)/wt,416125,49.69999999999891,,,,,,,,,,,,,,,,,,,,,,,,,,,,,,,,,,,,,,,,,,,,,,,,,lims_only,PES4_181002_652_A01
Mouse,Vip-IRES-Cre;Ai14-417227.05.02.02,PES4_181001_654_A01,Vip-IRES-Cre/wt;Ai14(RCL-tdT)/wt,417227,53.100000000000364,,,,,,,,,,,,,,,,,,,,,,,,,,,,,,,,,,,,,,,,,,,,,,,,,lims_only,PES4_181001_654_A01
Mouse,Cck-IRES-Cre;Vip-IRES-FlpO;Ai65-417711.02.01.02,PES4_181009_654_A01,Cck-IRES-Cre/wt;Vip-IRES-FlpO/wt;Ai65(RCFL-tdT)/wt,417711,73.39999999999964,,,,,,,,,,,,,,,,,,,,,,,,,,,,,,,,,,,,,,,,,,,,,,,,,lims_only,PES4_181009_654_A01
Mouse,Sst-IRES-Cre;Ai14-416484.03.01.03,PES4_181005_654_A01,Sst-IRES-Cre/wt;Ai14(RCL-tdT)/wt,416484,63.19999999999891,,,,,,,,,,,,,,,,,,,,,,,,,,,,,,,,,,,,,,,,,,,,,,,,,lims_only,PES4_181005_654_A01
Mouse,Vip-IRES-Cre;Ai14-417227.05.02.01,PES4_181001_653_A01,Vip-IRES-Cre/wt;Ai14(RCL-tdT)/wt,417227,37.20000000000073,,,,,,,,,,,,,,,,,,,,,,,,,,,,,,,,,,,,,,,,,,,,,,,,,lims_only,PES4_181001_653_A01
Human,H18.06.365.11.09.01.05,PFS4_181003_705_A01,,H18.06.365,43.099999999998545,,,,,,,,,,,,,,,,,,,,,,,,,,,,,,,,,,,,,,,,,,,,,,,,,lims_only,PFS4_181003_705_A01
Mouse,Sst-IRES-Cre;Ai14-416120.03.01.04,PFS4_181001_703_A01,Sst-IRES-Cre/wt;Ai14(RCL-tdT)/wt,416120,35.70000000000073,,,,,,,,,,,,,,,,,,,,,,,,,,,,,,,,,,,,,,,,,,,,,,,,,lims_only,PFS4_181001_703_A01
Mouse,Sst-IRES-Cre;Ai14-416484.04.01.02,PFS4_181005_703_A01,Sst-IRES-Cre/wt;Ai14(RCL-tdT)/wt,416484,56.400000000001455,,,,,,,,,,,,,,,,,,,,,,,,,,,,,,,,,,,,,,,,,,,,,,,,,lims_only,PFS4_181005_703_A01
Mouse,Vip-IRES-Cre;Ai14-418222.05.01.01,PFS4_181008_701_A01,Vip-IRES-Cre/wt;Ai14(RCL-tdT)/wt,418222,48.79999999999927,,,,,,,,,,,,,,,,,,,,,,,,,,,,,,,,,,,,,,,,,,,,,,,,,lims_only,PFS4_181008_701_A01
Mouse,Pvalb-IRES-Cre;Ai14-417268.05.02.01,PES4_181008_651_A01,Pvalb-IRES-Cre/wt;Ai14(RCL-tdT)/wt,417268,60.599999999998545,,,,,,,,,,,,,,,,,,,,,,,,,,,,,,,,,,,,,,,,,,,,,,,,,lims_only,PES4_181008_651_A01
Mouse,Cck-IRES-Cre;Vip-IRES-FlpO;Ai65-417711.06.02.01,PES4_181009_652_A01,Cck-IRES-Cre/wt;Vip-IRES-FlpO/wt;Ai65(RCFL-tdT)/wt,417711,43.30000000000109,,,,,,,,,,,,,,,,,,,,,,,,,,,,,,,,,,,,,,,,,,,,,,,,,lims_only,PES4_181009_652_A01
Mouse,Cck-IRES-Cre;Vip-IRES-FlpO;Ai65-417711.06.01.01,PFS4_181009_704_A01,Cck-IRES-Cre/wt;Vip-IRES-FlpO/wt;Ai65(RCFL-tdT)/wt,417711,50.79999999999927,,,,,,,,,,,,,,,,,,,,,,,,,,,,,,,,,,,,,,,,,,,,,,,,,lims_only,PFS4_181009_704_A01
Mouse,Vip-IRES-Cre;Ai14-418222.05.01.02,PFS4_181008_702_A01,Vip-IRES-Cre/wt;Ai14(RCL-tdT)/wt,418222,36.79999999999927,,,,,,,,,,,,,,,,,,,,,,,,,,,,,,,,,,,,,,,,,,,,,,,,,lims_only,PFS4_181008_702_A01
Mouse,Pvalb-IRES-Cre;Ai14-417268.05.02.04,PES4_181008_653_A01,Pvalb-IRES-Cre/wt;Ai14(RCL-tdT)/wt,417268,48.79999999999927,,,,,,,,,,,,,,,,,,,,,,,,,,,,,,,,,,,,,,,,,,,,,,,,,lims_only,PES4_181008_653_A01
Mouse,Cck-IRES-Cre;Vip-IRES-FlpO;Ai65-417710.05.01.03,PFS4_181008_706_A01,Cck-IRES-Cre/wt;Vip-IRES-FlpO/wt;Ai65(RCFL-tdT)/wt,417710,74.09999999999854,,,,,,,,,,,,,,,,,,,,,,,,,,,,,,,,,,,,,,,,,,,,,,,,,lims_only,PFS4_181008_706_A01
Mouse,Vip-IRES-Cre;Ai14-418222.05.01.03,PFS4_181008_703_A01,Vip-IRES-Cre/wt;Ai14(RCL-tdT)/wt,418222,52.39999999999782,,,,,,,,,,,,,,,,,,,,,,,,,,,,,,,,,,,,,,,,,,,,,,,,,lims_only,PFS4_181008_703_A01
Mouse,Sst-IRES-Cre;Ai14-416125.03.01.03,PES4_181002_653_A01,Sst-IRES-Cre/wt;Ai14(RCL-tdT)/wt,416125,75.0,,,,,,,,,,,,,,,,,,,,,,,,,,,,,,,,,,,,,,,,,,,,,,,,,lims_only,PES4_181002_653_A01
Mouse,Sst-IRES-Cre;Ai14-416131.04.02.03,PFS4_181003_703_A01,Sst-IRES-Cre/wt;Ai14(RCL-tdT)/wt,416131,39.0,,,,,,,,,,,,,,,,,,,,,,,,,,,,,,,,,,,,,,,,,,,,,,,,,lims_only,PFS4_181003_703_A01
Mouse,Pvalb-IRES-Cre;Ai14-418120.06.01.01,PFS4_181009_705_A01,Pvalb-IRES-Cre/wt;Ai14(RCL-tdT)/wt,418120,49.80000000000291,,,,,,,,,,,,,,,,,,,,,,,,,,,,,,,,,,,,,,,,,,,,,,,,,lims_only,PFS4_181009_705_A01
Mouse,Vip-IRES-Cre;Ai14-418225.05.01.04,PFS4_181009_703_A01,Vip-IRES-Cre/wt;Ai14(RCL-tdT)/wt,418225,81.70000000000073,,,,,,,,,,,,,,,,,,,,,,,,,,,,,,,,,,,,,,,,,,,,,,,,,lims_only,PFS4_181009_703_A01
Mouse,Cck-IRES-Cre;Vip-IRES-FlpO;Ai65-417710.05.01.02,PFS4_181008_705_A01,Cck-IRES-Cre/wt;Vip-IRES-FlpO/wt;Ai65(RCFL-tdT)/wt,417710,55.70000000000073,,,,,,,,,,,,,,,,,,,,,,,,,,,,,,,,,,,,,,,,,,,,,,,,,lims_only,PFS4_181008_705_A01
Mouse,Vip-IRES-Cre;Ai14-417227.05.02.03,PES4_181001_655_A01,Vip-IRES-Cre/wt;Ai14(RCL-tdT)/wt,417227,43.399999999999636,,,,,,,,,,,,,,,,,,,,,,,,,,,,,,,,,,,,,,,,,,,,,,,,,lims_only,PES4_181001_655_A01
Mouse,Cck-IRES-Cre;Vip-IRES-FlpO;Ai65-417710.02.01.03,PES4_181008_656_A01,Cck-IRES-Cre/wt;Vip-IRES-FlpO/wt;Ai65(RCFL-tdT)/wt,417710,89.5,,,,,,,,,,,,,,,,,,,,,,,,,,,,,,,,,,,,,,,,,,,,,,,,,lims_only,PES4_181008_656_A01
Mouse,Sst-IRES-Cre;Ai14-416484.03.01.02,PES4_181005_653_A01,Sst-IRES-Cre/wt;Ai14(RCL-tdT)/wt,416484,57.0,,,,,,,,,,,,,,,,,,,,,,,,,,,,,,,,,,,,,,,,,,,,,,,,,lims_only,PES4_181005_653_A01
Mouse,Vip-IRES-Cre;Npy-IRES2-FlpO;Ai65-416938.03.02.01,PFS4_181005_701_A01,Vip-IRES-Cre/wt;Npy-IRES2-FlpO/wt;Ai65(RCFL-tdT)/wt,416938,68.20000000000073,,,,,,,,,,,,,,,,,,,,,,,,,,,,,,,,,,,,,,,,,,,,,,,,,lims_only,PFS4_181005_701_A01
Mouse,Vip-IRES-Cre;Npy-IRES2-FlpO;Ai65-416938.04.02.01,PES4_181005_651_A01,Vip-IRES-Cre/wt;Npy-IRES2-FlpO/wt;Ai65(RCFL-tdT)/wt,416938,39.5,,,,,,,,,,,,,,,,,,,,,,,,,,,,,,,,,,,,,,,,,,,,,,,,,lims_only,PES4_181005_651_A01
Mouse,Vip-IRES-Cre;Ai14-418225.05.01.01,PFS4_181009_701_A01,Vip-IRES-Cre/wt;Ai14(RCL-tdT)/wt,418225,34.5,,,,,,,,,,,,,,,,,,,,,,,,,,,,,,,,,,,,,,,,,,,,,,,,,lims_only,PFS4_181009_701_A01
Mouse,Sst-IRES-Cre;Ai14-416135.03.02.03,PFS4_181002_705_A01,Sst-IRES-Cre/wt;Ai14(RCL-tdT)/wt,416135,60.5,,,,,,,,,,,,,,,,,,,,,,,,,,,,,,,,,,,,,,,,,,,,,,,,,lims_only,PFS4_181002_705_A01
Mouse,Sst-IRES-Cre;Ai14-416484.04.01.03,PFS4_181005_704_A01,Sst-IRES-Cre/wt;Ai14(RCL-tdT)/wt,416484,47.79999999999927,,,,,,,,,,,,,,,,,,,,,,,,,,,,,,,,,,,,,,,,,,,,,,,,,lims_only,PFS4_181005_704_A01
